"","ID","Nome da associação
 (nome sem abreviaturas divulgado na página)","Sigla ou Nome Comercial","Unidade da Federação
 (Estado ou Distrito Federal de localização
 a partir do endereço divulgado na página)","Município 
 (de localização
 a partir do endereço divulgado na página)","Página do Instagram
 (link ou ""não encontrado"")","Site ou página web
 (link ou ""não encontrado"")","Distribuição de óleo à base de cannabis (sim, não ou NI)","Distribuição de pomada/gel/creme à base de cannabis (sim, não ou NI)","Distribuição de produtos específicos para pets à base de cannabis (sim, não ou NI)","Possui algum outro produto para distribuição à base de cannabis? (sim, não ou NI)","Se sim, especifique: (se não, NA)...12","Oferece atendimento médico? (sim, não, NI ou MP)","Oferece assistência jurídica? (sim, não ou NI)","Oferece ""acolhimento""? (sim, não ou NI)","Oferece algum outro tipo de serviço? (sim, não ou NI)","Se sim, especifique: (se não, NA)...17","Fonte da informação
 (FACT; Kaya Mind; Lista dos Advogados; Busca livre na internet)","Pesquisador responsável pelo preenchimento
(Daniel, Luiz, Mariana, Mário, Natalia, Ramon, Rebeca)","Observação"
"1",44,"Associação Arapiraquense de Pacientes de Cannabis Medicinal","Regenera","Alagoas","Arapiraca","https://www.instagram.com/regeneraal/","https://regeneracbd.org/","sim","NI","NI","NI","NA","MP","sim","sim","NI","NA","FACT","Mário/Rebeca","As consultas médicas são realizadas com profissionais parceiros; não foram informados produtos específicos para pets, mas falam dos benefícios do CBD para animais"
"2",67,"Associação Cannabis Legal e Medicinal da Amazônia","ACALMAM","Amazonas","Manaus","https://www.instagram.com/acalmam.am?igsh=ZW9pdWt2NW1ycXo3","não encontrado","sim","NI","NI","sim","extratos e flores","sim","sim","NI","NI","NA","Kaya Mind","Luizinho/Rebeca","As informações estavam no formulário de cadastro"
"3",7,"Associação Brasileira CannaBahia","CannaBahia","Bahia","Teixeira de Freitas","https://www.instagram.com/cannabahia?igsh=ZjVld2NhazhqOWk1","https://cannabahia.com.br/","sim","NI","NI","NI","NA","NI","NI","NI","NI","NA","Lista dos Advogados; Busca livre na internet","Mariana/Rebeca",NA
"4",25,"Associação para pesquisa e desenvolvimento da Cannabis Medicinal no Brasil","Cannab","Bahia","Salvador","https://www.instagram.com/associacaocannab/","https://cannab.com.br/","não","não","não","não","NA","sim","NI","sim","NI","NA","FACT","Daniel/Rebeca",NA
"5",30,"Instituto de Desenvolvimento e Inclusão Canábica","Índica","Bahia","Uruçuca","https://www.instagram.com/indica.associacao/","http://institutoindica.org/ (fora do ar)","NI","NI","NI","NI","NA","NI","NI","sim","NI","NA","FACT","Daniel/Rebeca",NA
"6",31,"Organização Baiana de Estudos da Cannabis","OBEC","Bahia","Salvador","https://www.instagram.com/obecmed/","http://www.obec.med.br/ (fora do ar)","NI","NI","NI","NI","NA","NI","NI","sim","NI","NA","FACT","Daniel/Rebeca","No instagram da associação eles falam sobre medicina canabinoide veterinária"
"7",46,"Associação Sonho Verde Brasil","ASVB","Bahia","Imbassaí","https://www.instagram.com/sonhoverde.asvb/","https://sonhoverdeasvb.wixsite.com/index?fbclid=PAZXh0bgNhZW0CMTEAAae1GPHgCxhz17nv9bbWAroC0_9YX6z4FedAUQ0ubgzKHfs4KiGg5hlGE6TpSQ_aem_asszn2EXzF_j5ODMUdArKQ","NI","NI","NI","NI","NA","sim","NI","sim","sim","Aulas de boxe e jiu-jitsu","FACT","Mário/Rebeca","Projeto focado especialmente em crianças"
"8",55,"Associação de Apoio ao Tratamento em Canabinoides","AATAMED","Bahia","Pituba","Não encontrado","https://aatamed.org/","NI","NI","NI","NI","NA","sim","sim","sim","sim","Apoio na importação do medicamento e educação continuada para prescritores","Kaya Mind","Luizinho/Rebeca",NA
"9",5,"Associação de Pacientes de Cannabis Livre e Medicinal do Ceará - Flor da Luz","ACALME-CE Flor da Luz","Ceará","Capistrano","https://www.instagram.com/acalmece?igsh=MXBwNWwwbWR1YzBxaw==","Não encontrado","sim","NI","NI","NI","NA","NI","NI","NI","NI","NA","Lista dos Advogados; Busca livre na internet","Mariana/Rebeca",NA
"10",15,"Associação Brasileira de Cannabis Medicinal","Abracam","Ceará","Fortaleza","https://www.instagram.com/abracamcbd/","https://abracam.org/ (fora do ar)","sim","sim","NI","NI","NA","NI","NI","sim","NI","NA","FACT","Daniel/Rebeca",NA
"11",80,"Associação Medicinal do Ceará","AMECE","Ceará","Não informado","https://www.instagram.com/ame.ceara?igsh=YW9wb3Boc2hwYWZ1","Não encontrado","sim","sim","NI","NI","NA","NI","NI","NI","NI","NA","Kaya Mind","Luizinho/Rebeca","Há uma menção a clínica especializada com profissionais capacitados, mas não utilizam a palavra ""médico"""
"12",89,"Associação Canábica Instituto Ahõ","INSTITUTO AHÕ","Ceará","Juazeiro do Norte","https://www.instagram.com/institutoaho?igsh=eGZkZmQ2cGM5Mmhi","https://www.institutoaho.org.br/","sim","NI","não","NI","NA","MP","sim","sim","NI","NA","Kaya Mind","Luizinho/Rebeca","No instagram mostram alguns pets utilizando o óleo"
"13",22,"Instituto de Pesquisas Científicas e Medicinais das Plantas","Aliança Verde","Distrito Federal","Brasília","https://www.instagram.com/aliancaverdebrasil/","https://alianca-verde.reservio.com/","sim","NI","NI","NI","NA","MP","NI","NI","NI","NA","FACT","Daniel/Rebeca","O link da bio do instagram direciona para o agendamento de uma médica em específico (Dra. Larissa Medeiros)"
"14",24,"Instituto Agroecológico de Fitoterapia BioSer","BioSer","Distrito Federal","Brasília","https://www.instagram.com/instituto.bioser","https://bioser.org.br/","sim","sim","não","não","NA","MP","NI","NI","NI","NA","FACT","Daniel/Rebeca","Reforçam no instagram e no site a questão da utilização para pets"
"15",39,"Associação Brasileira do Pito do Pango","Abrapango","Distrito Federal","Brasília","https://www.instagram.com/abrapango/","https://www.abrapango.ong/","sim","NI","sim","NI","NA","MP","sim","NI","NI","NA","Lista dos Advogados","Rebeca","Tem programa de isenção; não usa ""acolhimento"", mas fala de ""atendimento humanizado"""
"16",57,"Associação Brasileira de Cannabis e Cânhamo Industrial","ABCCI","Distrito Federal","Brasília","https://www.instagram.com/abccioficial?igsh=dGo5ZDVuZTBlcmJn","https://www.abcci.com.br/sobre-a-abcci/","não","não","não","não","NA","não","não","não","não","NA","Kaya Mind","Luizinho/Rebeca","A associação é focada em ""desmistificar"" a cannabis e o cânhamo industrial"
"17",82,"Associação Nacional de Cânhamo Industrial","ANC","Distrito Federal","Brasília","https://www.instagram.com/canhamo_anc?igsh=bHVtcW5sbnE3bmM0","https://canhamonacional.com.br/","não","não","não","não","NA","não","não","não","sim","Networking com empresas e pessoas no ramo do cânhamo industrial","Kaya Mind","Luizinho/Rebeca","Focado no cânhamo industrial"
"18",50,"Associação de Cannabis Medicinal Capixaba","ACAMC","Espírito Santo","Vitória","https://www.instagram.com/acamc.medicinal/","Associação de Cannabis Medicinal Capixaba","NI","NI","NI","NI","NA","NI","NI","NI","NI","NA","FACT","Mário/Rebeca",NA
"19",91,"Associacao Brasileira de Estudos e Apoio A Cannabis","BENDITO MEDICINAL","Espírito Santo","Pinheiros","https://www.instagram.com/benditomedicinal?igsh=M21pbHB0djl6amt0","https://www.benditomedicinal.com.br/","sim","NI","NI","NI","NA","MP","sim","sim","sim","Apoio terapêutico","Busca livre na internet","Luizinho/Rebeca",NA
"20",13,"Associação Regional de Terapia Canábica da Chapada dos Veadeiros","Art Canab","Goiás","Chapada dos Veadeiros","https://www.instagram.com/artcanab/","https://www.artcanab.org.br/ (fora do ar)","NI","NI","NI","NI","NA","NI","NI","NI","NI","NA","FACT","Daniel/Rebeca",NA
"21",14,"Associação Terapêutica Sou Cannabis","SouCannabis","Goiás","Não informado","https://www.instagram.com/_soucannabis/","https://soucannabis.ong.br/","NI","NI","NI","NI","NA","sim","sim","sim","sim","Setor de serviço social para isenção; grupos de suporte específico; suporte para autocultivo; atendimentos complementares","FACT","Daniel/Rebeca",NA
"22",21,"Associação Goiana de Apoio e Pesquisa à Cannabis Medicinal","Ágape","Goiás","Goiânia","https://www.instagram.com/agapemedicinal/","https://www.agapemedicinal.org/","sim","NI","NI","NI","NA","sim","sim","sim","sim","Atendimento veterinário","FACT","Daniel/Rebeca",NA
"23",27,"Associação Brasileira de Tratamento e Apoio à Pesquisa da Cannabis Medicinal Curando Ivo","Curando Ivo","Goiás","Goiania","https://www.instagram.com/curandoivo","https://curandoivo.org.br/","NI","NI","NI","NI","NA","NI","NI","sim","NI","NA","FACT","Daniel/Rebeca",NA
"24",70,"Associacao Cultural de Pesquisa e Saude Com Cannabis","ACOLHEDEIRA","Maranhão","São José de Ribamar","https://www.instagram.com/acolhedeira?igsh=MTR6eGNhNWplanljbA==","https://acolhedeira.org/sobre","sim","sim","não","sim","tintura","NI","NI","sim","não","NA","Kaya Mind","Luizinho/Rebeca","A tintura não precisa de receita"
"25",29,"Associação Sul-Mato-Grossense de Pesquisa e Apoio à Cannabis Medicinal Divina Flor","DivinaFlor","Mato Grosso do Sul","Campo Grande","https://www.instagram.com/associacao_divinaflor/","https://divinaflor.org.br/","sim","NI","NI","NI","NA","MP","NI","sim","sim","Projeto de isenção para pacientes de baixa renda","FACT","Daniel/Rebeca",NA
"26",3,"Tijucanna Cannabis Terapêutica","Tijucanna","Minas Gerais","Ituiutaba","https://www.instagram.com/tijucanna/","https://tijucanna.org/?fbclid=PAVERDUAMh6ltleHRuA2FlbQIxMAABpxMrk-ZM2M7Rzj39wWKLMteHzJVhWv_gi2ZNOIPzJWIPZBer5v_brsex9s6l_aem_x6GRohVawIH083pwM2kcoA","sim","sim","NI","sim","spray","MP","sim","sim","sim","consultoria agronômica","Lista dos Advogados; Busca livre na internet","Mariana/Rebeca",NA
"27",74,"Associação da Liberdade Canábica","ALCA","Minas Gerais","Liberdade","https://www.instagram.com/alcanabica?igsh=MThvenlobHF3YjVlZw==","https://www.alcanabica.org/quem-somos","sim","NI","NI","NI","NA","MP","NI","NI","NI","NA","Busca livre na internet","Luizinho/Rebeca",NA
"28",76,"Associação Mato Grossense de Apoio a Cannabis Medicinal","AMACAM","Mato Grosso",NA,"https://www.instagram.com/amacam.mt?igsh=MWlzMXc2ZXR3NW9kZg==","Não encontrado","não","NI","NI","NI","NA","sim","sim","NI","NI","NA","Busca livre na internet","Luizinho/Rebeca","Não há produção de óleo, os óleos são importados"
"29",77,"Associação Brasileira de Pacientes de Cannabis Medicinal AMA+ME","AMA-ME","Minas Gerais","Belo Horizonte","https://www.instagram.com/amamebrasil?igsh=MTBpNTZyenAwbms3MA==","https://amame.org.br/quem-somos/","sim","NI","NI","NI","NA","MP","sim","sim","não","NA","Kaya Mind","Luizinho/Rebeca",NA
"30",83,"Angatu Associacao De Cannabis Medicinal","ANGATU","Minas Gerais","Belo Horizonte","https://www.instagram.com/angatumedicinal?igsh=cjA1d3c2bGkxZXVl","https://www.angatumedicinal.org/","sim","NI","NI","NI","NA","sim","sim","sim","não","NA","Kaya Mind","Luizinho/Rebeca","No site explicitam que o corpo de médicos não possui vínculo empregatício com a associação"
"31",40,"SEMEAR SP","SEMEAR SP","Não informado","Não informado","Não encontrado","Não encontrado",NA,NA,NA,NA,NA,NA,NA,NA,NA,NA,"Lista dos Advogados","Rebeca","Nada encontrada com esse nome para São Paulo, há uma associação com o mesmo nome no Paraná"
"32",75,"Alma Viva","Alma Viva","Não informado","Não informado","https://www.instagram.com/alma.viva.saude?igsh=anlmeXY4eDhiZ2Nw","https://almavivasaude.com.br/","sim","sim","não","sim","extratos; gomas e comestíveis","sim","sim","não","sim","Veterinários e odontos","Kaya Mind","Luizinho/Rebeca",NA
"33",51,"Associação Casa Verde Amazônia de Apoio à Cannabis Medicinal","Casa Verde Amazônia","Pará","Belém","https://www.instagram.com/casaverdeamazonia/","Não encontrado","NI","NI","NI","NI","NA","NI","NI","NI","NI","NA","FACT","Mário/Rebeca",NA
"34",9,"Liga Paraibana em Defesa da Cannabis Medicinal","Liga Canábica","Paraíba","João Pessoa","https://www.instagram.com/ligacanabica.br/","https://ligacanabica.org.br/","sim","sim","não","sim","sérum facial e lubrificante íntimo","NI","NI","sim","NI","NA","Lista dos Advogados; Busca livre na internet","Mariana/Rebeca",NA
"35",12,"Associação Brasileira de Apoio Cannabis Esperança","Abrace Esperança","Paraíba","João Pessoa","https://www.instagram.com/abraceesperanca?igsh=MTZpMXV0MW9neWFpdg==","https://abraceesperanca.org.br/","sim","NI","NI","sim","""cannabis in natura""","MP","sim","sim","não","NA","Lista dos Advogados; Busca livre na internet","Mariana/Rebeca","1ª associação com autorização sanitária para cultivo da Anvisa; tem programa de isenção social"
"36",37,"Associação Canábica Florescer","ACAFLOR","Paraíba","João Pessoa","https://www.instagram.com/acaflor_/","https://acaflor.org.br/","sim","sim","não","sim","""flores in natura"", extrato concentrado sem solvente (solvente) e tintura","MP","sim","sim","sim","acessoria de cultivo para pacientes","Lista dos Advogados","Rebeca",NA
"37",38,"Centro de Pesquisa e Estudos da Cannabis Medicinal","CEBRAPCAM","Paraíba","São José de Espinharas","https://www.instagram.com/cebrapcam/","https://www.cebrapcam.org/","sim","sim","não","não","NA","MP","NI","NI","NI","NA","Lista dos Advogados","Rebeca",NA
"38",81,"AMPARO","AMPARA","Paraíba","João Pessoa","Não encontrado","https://associacaoamparo.org/","sim","NI","NI","NI","NA","NI","sim","NI","NI","NA","Busca livre na internet","Luizinho/Rebeca",NA
"39",23,"Associação Paranaense de Apoio a Cannabis Medicinal","Apracam","Paraná","Umuarama","https://www.instagram.com/apracamassociacao/","https://www.apracam.com.br/","NI","NI","NI","NI","NA","MP","sim","sim","não","NA","FACT","Daniel/Rebeca",NA
"40",53,"Associação de Terapia e Harmonia Canábica","Semear","Paraná","Maringá","https://www.instagram.com/semear.canabica/","https://www.semearcanabica.com.br/","NI","NI","NI","NI","NA","MP","sim","sim","não","NA","FACT","Mário/Rebeca","Tem programa de isenção social"
"41",56,"Associação Brasileira de Apoio da Cannabis Medicinal","ABCMED","Paraná","Campo Largo","Não encontrado","https://abcmed.org/","NI","NI","NI","NI","NA","NI","NI","sim","NI","NA","Kaya Mind","Luizinho/Rebeca","No site tem uam descrição ""nosso principal produto é o acolhimento"""
"42",62,"Associação Brasileira de usuário de Cannabis Medicinal","ABUC","Paraná","Curitiba","https://www.instagram.com/abuc.br?igsh=OHY5OW82bTNxb2s3","Não encontrado","NI","NI","NI","NI","NA","NI","NI","NI","NI","NA","Busca livre na internet","Luizinho/Rebeca",NA
"43",65,"Associacao Canabica Norte Paranaense","ACANPA","Paraná","Nova Esperança","https://www.instagram.com/acanpaoficial?igsh=ODkwbzBya3d2Mmh5","Não encontrado","NI","NI","NI","NI","NA","NI","NI","NI","NI","NA","Busca livre na internet","Luizinho/Rebeca",NA
"44",4,"Aliança Canábica Aliança Medicinal","Aliança Medicinal","Pernambuco","Olinda","https://www.instagram.com/alianca_medicinal?igsh=MWJmMGFtZXVkemZoYQ==","https://www.aliancamedicinal.org/","sim","NI","NI","NI","NA","sim","NI","NI","NI","NA","Lista dos Advogados; Busca livre na internet","Mariana/Rebeca","""Primeira fazenda urbana do Brasil"" - bio do instagram - Rebeca"
"45",26,"Associação Canábica Medicinal de Pernambuco","Cannape","Pernambuco","Paulista","https://www.instagram.com/associacaocannape","Não encontrado","NI","NI","NI","NI","NA","NI","sim","sim","NI","NA","FACT","Daniel/Rebeca",NA
"46",42,"Associação Brasileira de Cannabis e Saúde","Acolher","Pernambuco","Não informado","https://www.instagram.com/acolheroficial_/","Não encontrado","NI","NI","NI","NI","NA","NI","NI","NI","NI","NA","FACT","Mário/Rebeca",NA
"47",47,"AMME Medicinal","AMME Medicinal","Pernambuco","Recife","https://www.instagram.com/ammemedicinal/","https://ammemedicinal.org/links/?fbclid=PAZXh0bgNhZW0CMTEAAaf6eaER1HC7XWGEy1srzFwEXw103s_j1xKjNcDqzOneAIG4Rza0RLhz_Wgc4Q_aem_CQ_Y5bpMVISunaFuDt03CA","sim","não","não","não","NA","MP","NI","NI","NI","NA","FACT","Mário/Rebeca",NA
"48",1,"Associação Brasileira de Acesso a Cannabis Medicinal do
 Rio de Janeiro","AbraRio","Rio de Janeiro","Niterói","www.instagram.com/abrariooficial","https://abrario.org","sim","sim","não","sim","spray nasal","sim","sim","sim","não","NA","Busca livre na internet","Natalia","Achei a informação dos produtos (óleo e pomada) na área do associado - Rebeca"
"49",10,"Associação de Pesquisa a Cannabis Medicinal de Nova Friburgo","APECANF","Rio de Janeiro","Nova Friburgo","https://www.instagram.com/associacao.apecanf/","Não encontrado","sim","sim","NI","NI","NA","NI","NI","NI","NI","NA","Lista dos Advogados; Busca livre na internet","Mariana",NA
"50",17,"Associação Brasileira para Cannabis","Não encontrado","Rio de Janeiro","Rio de Janeiro","https://www.instagram.com/abracannabis/","https://abracannabis.org.br/ (fora do ar)","NI","NI","NI","NI","NA","NI","NI","NI","NI","NA","FACT","Daniel",NA
"51",41,"Coletivo Cannabis Medicinal Volta Redonda","VOLTA CANNABIS","Rio de Janeiro","Volta Redonda","https://www.instagram.com/voltacannabis","Não encontrado","NI","NI","NI","NI","NA","sim","sim","sim","NI","NA","FACT","Mário",NA
"52",63,"Associação Canábica da Mantiqueira","ACAMBrasil","Rio de Janeiro","Itatiaia","https://www.instagram.com/acambrasil?igsh=dGR3bGI3eWdnazVj","https://www.acambrasil.org/","NI","NI","NI","NI","NA","sim","sim","NI","sim","Workshops, eventos e pesquisa.","Kaya Mind","Luizinho",NA
"53",66,"Associacao de Acesso A Canabis Medicinal","ACANNA","Rio de Janeiro","Armação Búzios","https://www.instagram.com/acannaoficial?igsh=MWp5YmRmOXRncDg0cg==","https://www.acanna.org/","sim","NI","NI","NI","NA","NI","NI","NI","NI","NA","Busca livre na internet","Luizinho",NA
"54",71,"Associação de apoio e acesso a Cannabis Medicinal em Macaé","ACOLHER MACAÉ","Rio de Janeiro","Macaé","https://www.instagram.com/acolhermacae?igsh=aXpzZWx5YWY4MTJw","https://acolhermacae.org.br/","sim","NI","NI","NI","NA","sim","sim","sim","NI","NA","Busca livre na internet","Luizinho",NA
"55",73,"Associacao Humanitaria Canabica do Brasil","AHC DO BRASIL","Rio de Janeiro","Rio de Janeiro","https://www.instagram.com/ahcdobrasil?igsh=a2Y3Mm16YWZtZTg1","https://www.ahcdobrasil.org.br/","sim","NI","NI","NI","NA","sim","NI","NI","NI","NA","Busca livre na internet","Luizinho",NA
"56",84,"Apoio a Pesquisa e Pacientes de Canabis Medicinal","APEPI","Rio de Janeiro","Rio de Janeiro","https://www.instagram.com/familiaapepi?igsh=MTFmYTRpOWw2c3MzcQ==","https://apepi.org/","sim","sim","não","não","NA","sim","NI","NI","sim","cursos diversos; pesquisa","Kaya Mind","Luizinho",NA
"57",92,"Canapse Canabiologia Pesquisas e Serviços","CANAPSE","Rio de Janeiro","Não informado","Não encontrado","https://www.canapse.org.br/","NI","NI","NI","NI","NA","NI","NI","NI","sim","pesquisa","Busca livre na internet","Luizinho",NA
"58",96,"Dr Hemp Associacao Cannabica do Brasil","Dr Hemp","Rio de Janeiro","Rio de Janeiro","https://www.instagram.com/dr.hemp.br?igsh=MTgzN2o5M3l4MG5nNQ==","http://drhemp.com.br/","NI","NI","NI","NI","NA","sim","sim","sim","sim","Workshops, cursos e palestras.","Kaya Mind","Luizinho",NA
"59",101,"Associação Instituto Brasileiro de Cannabis Medicinal","IBCM","São Paulo","São Paulo","https://www.instagram.com/ibcmbrasil?igsh=bmkwMWlicXNwbXI=","https://ibcmbrasil.com.br/","sim","não","não","NI","NA","sim","NI","NI","NI","NA","Kaya Mind","Luizinho",NA
"60",108,"Mamaflor Ação Terapêutica","Mamaflor","Rio de Janeiro","Rio de Janeiro","https://www.instagram.com/mamaflorbr","https://mamaflor.org/","sim","sim","não","sim","supositórios; resgate nasal","NI","NI","NI","NI","NA","Busca livre na internet","Natalia",NA
"61",110,"Associação Canábica Rio","AC Rio","Rio de Janeiro","Rio de Janeiro","https://www.instagram.com/acrio_/","https://associacaocannabicario.org","sim","sim","NI","NI","NA","não","sim","sim","sim","""encaminhamentos""","Busca livre na internet","Natalia","Na descrição dos serviços tem o item ""encaminhamento"", mas não há detalhamento do serviço."
"62",111,"Associação Bio Flor Terapeutica","Bio Flor","Rio de Janeiro","Macaé","Não encontrado","https://bioflorterapeutica.com.br","NI","NI","NI","NI","NA","NI","NI","NI","NI","NA","Busca livre na internet","Natalia",NA
"63",112,"Associação Brasileira de Apoio à Cannabis Terapêutica Agroecológica - ABACATE","ABACATE","Rio de Janeiro","Rio de Janeiro","Não encontrado","Não encontrado","NI","NI","NI","NI","NA","NI","NI","NI","NI","NA","Busca livre na internet","Natalia",NA
"64",8,"Associação Reconstruir Cannabis Medicinal","Reconstruir Cannabis","Rio Grande do Norte","Natal","https://www.instagram.com/reconstruircannabis/","https://reconstruir.org.br/","sim","NI","NI","NI","NA","sim","sim","sim","sim","CURSO DE CULTIVO E EXTRAÇÃO","Lista dos Advogados; Busca livre na internet","Mariana","No site cita auxílio para importação de CBD; tem um clube de benefícios para os associados"
"65",72,"Acuracan Associação Terapêutica","ACURACAN","Rio Grande do Sul","Porto Alegre","https://www.instagram.com/acuracan.associacao?igsh=MXRrb3prYW1nNHRjbg==","https://acuracan.com.br/","sim","sim","não","sim","lubrificante","não","NI","NI","NI","NA","Kaya Mind","Luizinho",NA
"66",86,"Associacao Cannabica Medicinal","ASCAMED","Rio Grande do Sul","Santa Maria","https://www.instagram.com/ascamedbrasil?igsh=aXM1cnVqaWpyYmM=","https://www.ascamed.org/?fbclid=PAT01DUAMv9QlleHRuA2FlbQIxMAABpzuBY-fuIo-zGtAk0RESL-KzDoQ7VO7FCFWeXKxPWhhMAGj2bQFaw-GKhUp4_aem_ojIYA1LRdhcS7-XWW-wWow","NI","NI","NI","NI","NA","sim","NI","sim","NI","NA","Kaya Mind","Luizinho",NA
"67",18,"Associação Cannabis Medicinal de Rondônia","ACAMERO","Rondônia","Ji-Paraná","https://www.instagram.com/acame.ro/","https://cannabismedicinalrondonia.wordpress.com/","NI","NI","NI","NI","NA","NI","sim","sim","NI","NA","FACT","Daniel",NA
"68",16,"Associação Brasileira de Acesso à Cannabis Terapêutica","Abraflor","Santa Catarina","Florianópolis","https://www.instagram.com/abraflor/","https://www.abraflor.org/","NI","NI","NI","NI","NA","sim","sim","sim","sim","Pesquisas","FACT","Daniel",NA
"69",33,"Santa Cannabis - Associação brasileira de cannabis medicinal","Santa Cannabis","Santa Catarina","Florianópolis","https://www.instagram.com/santacannabis/","https://santacannabis.com.br/","sim","sim","não","NI","NA","NI","NI","sim","sim","Pesquisa e desenvolvimento","Lista dos Advogados","Rebeca","Venda de óleos, pomadas e cremes; acolhimento; parcerias com universidades, clínicas e outras associações para fins de pesquisa científica; atendimento social comunitário."
"70",87,"Associação Alternativa de Apoio a Saúde e Pesquisa","ALTERNATIVA","Santa Catarina","Imbituba","https://www.instagram.com/associacaoalternativa?igsh=MW4xc2ExeDBsdGF6dg==","https://associacaoalternativa.com.br/","sim","NI","NI","NI","NA","sim","NI","sim","sim","Pesquisa","Kaya Mind","Luizinho",NA
"71",98,"Associacao de Apoio Aos Pacientes de Cannabis Medicinal Flor de Ananda","Flor de Ananda","Santa Catarina","Porto União","https://www.instagram.com/associacao_ananda?igsh=MXhzazF5eDhyMWV5dQ==","Não encontrado","NI","NI","NI","NI","NA","NI","NI","NI","NI","NA","Kaya Mind","Luizinho",NA
"72",102,"Associacao Maria do Reino","MARIA DO REINO","Santa Catarina","Jaraguá do Sul","https://www.instagram.com/mariadoreinomed?igsh=NWk5anI4bzB3YnVl","https://mariadoreino.com.br/","sim","sim","NI","NI","NA","sim","sim","NI","NI","NA","Busca livre na internet","Luizinho",NA
"73",103,"Associação Novos Caminhos - Plantas Medicinais","NOVOS CAMINHOS","Santa Catarina","Florianópolis","https://www.instagram.com/associacao.novoscaminhos?igsh=MXVpeXNhN3Fncm9jcQ==","https://associacaonovoscaminhos.com.br/","sim","NI","sim","NI","NA","sim","NA","sim","NI","NA","Kaya Mind","Luizinho",NA
"74",2,"Associação Terapêutica de Cannabis Medicinal Flor da Vida","Flor da Vida","São Paulo","Franca","https://www.instagram.com/associacao.flordavida/","https://www.flordavida.ong.br/site/","sim","sim","não","sim","spray nasal","NI","sim","sim","não","NA","Lista dos Advogados; Busca livre na internet","Mariana","Tem sede em São Bernardo do Campo e Brasília - Rebeca"
"75",6,"Club Brasileiro de Fitoterapia Cannábica","CBFC","São Paulo","Mairiporã","Não encontrado","https://www.cbfcannabica.com/","sim","NI","NI","NI","NA","NI","NI","NI","NI","NA","Lista dos Advogados; Busca livre na internet","Mariana",NA
"76",11,"Associação Cannábica Mãesconhas do Brasil","Mãesconhas","São Paulo","Campinas e Zona Sul de SP","https://www.instagram.com/maesconhasdobrasil/","Não encontrado","NI","NI","NI","NI","NA","NI","NI","NI","NI","NA","Lista dos Advogados; Busca livre na internet","Mariana","Perfil fehcado no instagram - Rebeca"
"77",19,"Associação de Apoio e Pesquisa Cannabis Cura","Accura","São Paulo","São Paulo","https://www.instagram.com/accura_ensina/","https://accura.org.br/","NI","NI","NI","NI","NA","NI","NI","NI","NI","NA","FACT","Daniel",NA
"78",20,"Associação Cultural Canábica de São Paulo","Acuca - SP","São Paulo","Ubatuba","https://www.instagram.com/acucasp/","www.acucasp.org.br (fora do ar)","NI","NI","NI","NI","NA","NI","NI","NI","NI","NA","FACT","Daniel",NA
"79",28,"Instituto Nacional de Pesquisa Ciencia e Tecnologia da Saude e Tratamento Medicinal Curapro Acolhe Vidas","CuraPró","São Paulo","São Paulo","https://www.instagram.com/curapro_/","https://curapro.com.br/","sim","sim","NI","sim","spray nasal","sim","NI","sim","sim","Cursos diversos","FACT","Daniel",NA
"80",32,"Organização Social de Apoio à Cultura de Itupeva","OSACI","São Paulo","Itupeva","https://www.instagram.com/_osaci","https://www.osaci.org.br/","não","não","não","não","NA","sim","sim","sim","sim","atividades diversas relacionadas à capoeira e vida saudável. Acompanhamento em todo o processo para o acesso.","FACT","Daniel","""já estamos nos regulamentando em uma associação de Habeas Corpus coletivo"" / ""facilitadores do acesso"" / oficialmente não plantam, não produzem e nem distribuem. Possuem formulário para médico prescritor."
"81",34,"Cultive - Associação de Cannabis e Saúde","CULTIVE","São Paulo","São Paulo","https://www.instagram.com/cultivebr/","https://cultive.org.br/a-cultive-associacao/","sim","NI","não","NI","NA","MP","sim","sim","sim","cursos diversos","Lista dos Advogados","Rebeca","HC Coletivo"
"82",35,"Associação Brasileira de Cannabis Medicinal CANNAPIS","Cannapis","São Paulo","Peruíbe","https://www.instagram.com/associacaocannapis","Não encontrado",NA,NA,NA,NA,NA,NA,NA,NA,NA,NA,"Lista dos Advogados","Rebeca","instagram desatualizado e sem informações. Noticia na internet sobre decisão judicial. Conferir."
"83",36,"Associação Brasileira de Estudos Canábicos","Glória","Bahia","São Paulo","https://www.instagram.com/abecmed/","https://abecmed.com.br/","sim","NI","não","NI","NA","sim","NI","sim","sim","cursos diversos / doação do óleos para pesquisa","Lista dos Advogados","Rebeca",NA
"84",43,"Cultiva Brasil","Cultiva Brasil","São Paulo","Não informado","https://www.instagram.com/cultivabrasil/","Não encontrado",NA,NA,NA,NA,NA,NA,NA,NA,NA,NA,"FACT","Mário","Sem acesso ao instagram"
"85",45,"Associação Mundo Verde Cannabis","AMVC","São Paulo","Ribeirão Preto","https://www.instagram.com/associacaomundoverdecannabis/","Não encontrado","sim","NI","não","NI","NA","sim","sim","sim","sim","cursos diversos","FACT","Mário",NA
"86",48,"Associação Terapêutica Santa Gaia","Santa Gaia","São Paulo","Lins","https://www.instagram.com/a.santagaia/","https://santagaia.ong.br/","sim","não","não","não","NA","MP","não","sim","não","NA","FACT","Mário","Um habeas corpus em andamento; Uma ação cível no TRF1, em Brasília, com agravo de instrumento aguardando decisão."
"87",49,"Associação Canábica Maria Flor","Maria Flor","São Paulo","Marília","https://www.instagram.com/vemsermariaflor/","https://www.mariaflor.org.br/","sim","sim","não","sim","sabonetes","não","não","sim","sim","cursos diversos","FACT","Mário","possui indicação para uso veterinário, porém sem um produto específico."
"88",52,"Associação Brasileira ABPC Medicinal","ABPC","São Paulo","Não informado","https://www.instagram.com/abpcmedicinaloficial/","Não encontrado","sim","sim","sim","sim","spray dermatológico","não","não","NI","sim","curso medicina veterinária canabinóide","FACT","Mário","1ª associação c@nn@$ica do Brasil 100% direcionado a animais"
"89",54,"Associação Santa Maria Ubatuba","ASMU","São Paulo","Ubatuba","https://www.instagram.com/santamariaubatuba/","https://linktr.ee/associacaosantamariaubatuba?fbclid=PAZXh0bgNhZW0CMTEAAafJggKB-MiSQBVivMv_Uj3DIuokIjExLMC3WEsab9AQyvTyt6bZh6z198ytqw_aem_uqpeyvtW40xI0aQgHNZ61A","NI","NI","não","NI","NA","sim","não","sim","sim","cursos diversos","FACT","Mário",NA
"90",58,"Associação Brasileira das Indústrias de Cannabis e Cânhamo","ABICANN","São Paulo","São Paulo","https://www.instagram.com/abicann_org?igsh=enZrbXhrZ29obHFh","https://abicann.org/sobre-a-abicann/#estatuto","não","não","não","não","NA","não","não","não","sim","cursos diversos","Kaya Mind","Luizinho","é mais uma associação de indústria, não tem ""acolhimento"", distribuição de óleo, nada."
"91",59,"Associação Brasileira de Incentivo à Saúde","ABIN","São Paulo","São Paulo","https://www.instagram.com/abins.saude?igsh=MTB6a2d4NmFjdmI0MA==","https://www.abinssaude.org/sobre","não","não","não","não","NA","sim","sim","sim","sim","assessoria médica e jurídica gratuita para algumas patologias","Kaya Mind","Luizinho","eles ajudam o paciente no atendimento médico e, posteriormente, jurídico para conseguir o óleo gratuito na justiça."
"92",60,"Associação Brasileira de Pacientes de Cannabis Medicinal ABPCM","ABPCM","São Paulo","Bela Vista","https://www.instagram.com/abrapacamed?igsh=eHlucTkwZmRzN2Nh","https://www.abpcm.org.br/blog","NI","NI","não","NI","NA","sim","sim","sim","sim","estudo agronômico","Kaya Mind","Luizinho","pedi para seguir no instagram para melhores informações"
"93",61,"Associação Brasileira de Cannabis Medicinal","ABRACAMED","São Paulo","Oriente","Não encontrado","https://abracamed.com/sobre/","sim","não","não","não","NA","MP","não","sim","não","NA","Busca livre na internet","Luizinho",NA
"94",64,"Associação de Cannabis Medicinal Paulista","ACAMP","São Paulo","São Paulo","https://www.instagram.com/acamp.ong.br?igsh=dmVuMGx6OTYzYWw2","http://acamp.ong.br/?fbclid=PAb21jcAMtvoVleHRuA2FlbQIxMQABp6BHH6wVYmj4s8XeZzEl0PZce1KK6M87FLQAAAZtTzziuaRePI8aMBWzFlWq_aem_xx3UxFqU15O_qFRJMtjEfw","sim","NI","não","NI","NA","MP","não","sim","não","NA","Busca livre na internet","Luizinho","não possui um catálogo de produtos, pela pesquisa no instagram vi apenas o óleo, por isso ""NI"" para outros produtos."
"95",68,"Associação Canábica Livre Medicinal","ACALME BRASIL","São Paulo","São Caetano do Sul","https://www.instagram.com/acalmebrasil?igsh=MXB5MGRkZ3NiMXViMg==","https://acalmebrasil.com.br/","sim","NI","não","NI","NA","MP","sim","sim","NI","NA","Busca livre na internet","Luizinho",NA
"96",69,"Associação Acolhe Cannabis","ACOLHE CANNABIS","São Paulo","Botucatu","https://www.instagram.com/acolhecannabis?igsh=MXY0ZDNsb3VuNmJoeg==","https://acolhecannabis.org.br/","sim","sim","não","sim","Extrato integral (resina)","sim","não","sim","não","NA","Kaya Mind","Luizinho",NA
"97",78,"Associação Médica Brasileira de Endocanabinologia","AMBCAN","São Paulo","São Paulo","https://ambcann.com.br/?fbclid=PAT01DUAMv5gdleHRuA2FlbQIxMAABpzuBY-fuIo-zGtAk0RESL-KzDoQ7VO7FCFWeXKxPWhhMAGj2bQFaw-GKhUp4_aem_ojIYA1LRdhcS7-XWW-wWow","https://www.instagram.com/ambcann.oficial?igsh=eDN5cXk2M25hZnZl","não","não","não","não","NA","MP","não","não","sim","cursos diversos","Kaya Mind","Luizinho","é uma associação somente de médicos, voltada ao ensino, pesquisa, etc. indicam médico associados prescritores"
"98",79,"Associação Medicinal Canábica","AMEC","São Paulo","Bertioga","https://www.instagram.com/associacaomedicinal?igsh=MXkxOThrY21raHVyeA==","https://amec.org.br/","não","não","não","não","NA","MP","não","sim","não","NA","Busca livre na internet","Luizinho","medicina veterinária canábica. no instagram falam explicitamente ""não vendemos produtos"""
"99",85,"Associação Pan-Americana Multidisciplinar de Endocanabinologia","APMC","São Paulo","Santo André","https://www.instagram.com/apmc.pro?igsh=YTdkdmQ5bXgwdDhl","https://apmc.pro/","não","não","não","não","NA","MP","não","não","sim","cursos diversos","Busca livre na internet","Luizinho","é uma associação de médicos e outros profissionais de saúde, voltada ao ensino e pesquisa. indicam médicos associados."
"100",88,"Associação Canábica e Terapêutica Cura da Mata","CURA DA MATA","São Paulo","Marilia","https://www.instagram.com/cura_damata?igsh=MWo0dDAxazUxM242Mw==","Não encontrado","sim","NI","NI","NI","NA","MP","NI","sim","NI","NA","Kaya Mind","Luizinho","Tem apenas o instagram, com poucas informações."
"101",90,"Viva Cannabis Associacao Brasileira de Cannabis Medicinal","VIVA CANNABIS","São Paulo","Batatais","https://www.instagram.com/vivacannabisorg?igsh=eDlhZnY5OGpyZDFq","https://vivacannabis.org.br/","sim","sim","sim","sim","óvulos; shampoo para pet","MP","sim","sim","NI","NA","Kaya Mind","Luizinho",NA
"102",93,"Associacao Cannaberry Saude & Cannabis Medicinal","CANNABERRY","São Paulo","São Paulo","https://www.instagram.com/cannaberrybrasil?igsh=Nzg0NjcxODVhd3M3","https://cannaberry.com.br/","sim","NI","NI","NI","NA","MP","não","sim","NI","NA","Kaya Mind","Luizinho",NA
"103",94,"Cannarinho Associação Canábica Brasileira","CANNARINHO","São Paulo","São Paulo","https://www.instagram.com/cannarinho_org?igsh=Z2xjMnN5OTJvNWti","https://cannarinho.org/","sim","sim","NI","NI","NA","NI","NI","NI","NI","NA","Busca livre na internet","Luizinho","Site fora do ar. Conferir informações ""NI"""
"104",95,"Instituto CuraPro Acolhe Vidas","CURAPRO","São Paulo","Mirandópolis","https://www.instagram.com/curapro_?igsh=MTZ0cWpwMm9oYnB0cg==","https://curapro.com.br/","sim","sim","não","sim","spray nasal","MP","sim","sim","sim","cursos diversos","Busca livre na internet","Luizinho","Falam em ""cultivo legalizado"""
"105",97,"Associação Canábica para Orientação, Pesquisa e Apoio Social","EMANACAN","São Paulo","Marilia","https://www.instagram.com/emanacan.br?igsh=MXF5Yzlxb2toNXRrbg==","https://www.emanacan.com.br/","sim","não","não","não","NA","sim","não","sim","NI","NA","Busca livre na internet","Luizinho",NA
"106",99,"Hubcann","HUBCANN","São Paulo","Não informado","https://www.instagram.com/hub.cann?igsh=YzZwdTM0a2duMDlr","https://hubcann.com.br/?fbclid=PAb21jcAMwSGxleHRuA2FlbQIxMQABp5YwvOXzCXXNHrAsenDu1StIne8ZYE8g2iJsWAMk5PTzfbMftmN-jHxFJ6Rp_aem_9q-uIKzb2Ns9KAu7Q2jLzA","NI","NI","não","NI","NA","sim","não","não","não","NA","Kaya Mind","Luizinho","Eles não deixam explicito o fornecimento do óleo, fala-se em importação, mas no instagram parece que tem o óleo deles também."
"107",100,"Instituto do Brasil de Apoio a Pacientes da Cannabis Terapêutica","IBRACAN","São Paulo","Bertioga","https://www.instagram.com/ibracanapoio?igsh=MXZnNTM2emNxNWls","https://ibracan.org.br/","sim","NI","não","NI","NA","sim","sim","sim","sim","cursos diversos","Busca livre na internet","Luizinho",NA
"108",104,"Associacao Sagrada Cannabis Medicinal","Sagrada Cannabis","São Paulo","São Paulo","https://www.instagram.com/associacao_sagrada?igsh=ZjRoMmlwYWpiajVx","https://sagradamedicinal.org/","sim","NI","não","NI","NA","sim","não","sim","sim","acolhimento ao prescritor","Busca livre na internet","Luizinho","auxílio a profissionais de saúde que querem se tornar prescritores"
"109",106,"Associacao Santa Guia - Plantas Que Curam","Santa Guia","São Paulo","Osasco","https://www.instagram.com/associacaosantaguia?igsh=MWt5Z3Y3dWYyMDVpbA==","https://www.santaguia.org.br/","sim","sim","não","sim","sabonetes","MP","sim","sim","sim","cursos diversos","Kaya Mind","Luizinho","guia do paciente: https://online.fliphtml5.com/wtjyh/thsc/#p=7"
"110",107,"Associacao Brasileira de Estudo da Cannabis Sativa","SBEC","São Paulo","São Paulo","https://www.instagram.com/sbecmed?igsh=MWZqcjFtYXV4N2R1Mw==","https://sbec.med.br/","não","não","não","não","NA","MP","não","não","sim","cursos diversos","Kaya Mind","Luizinho","fomento de pesquisa canábica"
"111",109,"Casa da Mata","Casa da Mata","São Paulo","São Vicente","https://www.instagram.com/casadamatasv","https://casadamata.org.br/","NI","NI","NI","NI","NA","sim","sim","sim","sim","cursos diversos","Busca livre na internet","Luizinho","não falam explicitamente sobre o acesso ao remédio"
"112",105,"Associacao Brasileira de Apoio Ao Cultivo e Pesquisa de Cannabis Medicinal","Salvar","Sergipe","Aracaju","https://www.instagram.com/salvar_se?igsh=MWMwNXR5enlhZDgyaQ==","https://salvar-se.org.br/","sim","sim","não","não","NA","sim","sim","sim","sim","capacitação/curso de cultivo","Kaya Mind","Luizinho",NA
"113",NA,"Associacao Agrobuds De Cannabis Medicinal","AGROBUDS","Espírito Santo","Montanha","https://www.instagram.com/agrobuds/","Não encontrado","NI","NI","NI","NI","NA","NI","NI","Sim","Sim","Capacitação/curso de cultivo","IPEA, busca livre na internet","Mariana","Vendem curso para pacientes que buscam HC, mas não deixam explícito se oferecem assistência jurídica"
"114",NA,"ASSOCIACAO E CLUBE DE PACIENTES DE CANNABIS MEDICINAL FLOR DAS MONTANHAS","Flor das Montanhas","Espírito Santo","Vitória","https://www.instagram.com/flor_montanhas/","Não encontrado","NI","NI","Sim","NI","NA","NA","NI","NI","NI","NA","IPEA, busca livre na internet","Mariana","CNPJ: 52.478.421/0001-26"
"115",NA,"ASSOCIACAO DE PACIENTES E ATIVISTAS DA CANNABIS MEDICINAL","AMACANNABIS","Rio de Janeiro","Armação dos Búzios","Não encontrado","Não encontrado",NA,NA,NA,NA,NA,NA,NA,NA,NA,NA,"IPEA","Daniel",NA
"116",NA,"ASSOCIACAO SANNTIVA - ASSOCIACAO DE PESQUISA E APOIO A CANNABIS MEDICINAL","SANTIVVA","Rio de Janeiro","Cordeiro","não encontrado","não encontrado",NA,NA,NA,NA,NA,NA,NA,NA,NA,NA,"IPEA","Daniel",NA
"117",NA,"PLANTAE - ASSOCIACAO DE APOIO E ACESSO A CANNABIS MEDICINAL","PLANTAE","Rio de Janeiro","Rio das Ostras","https://www.instagram.com/plantaecannabismedicinal/","nao encontrado",NA,NA,NA,NA,NA,NA,NA,NA,NA,NA,"IPEA","Daniel",NA
"118",NA,"ASSOCIACAO DE APOIO AO PACIENTE E A PESQUISA CIENTIFICA COM CANNABIS E OUTRAS PLANTAS MEDICINAIS","Não encontrado","Rio de Janeiro","Rio das Ostras","não encontrado","não encontrado",NA,NA,NA,NA,NA,NA,NA,NA,NA,NA,"IPEA","Daniel",NA
"119",NA,"INSTITUTO AGRONOMICO DE PESQUISAS EM CANNABIS MEDICINAL","IAPEC","Rio de Janeiro","Niterói","não encontrado","não encontrado",NA,NA,NA,NA,NA,NA,NA,NA,NA,NA,"IPEA","Daniel",NA
"120",NA,"ASSOCIACAO DA LUZ CANNABIS MEDICINAL","ASSOCIACAO DA LUZ CANNABIS MEDICINAL","Rio de Janeiro","Rio de Janeiro","não encontrado","não encontrado",NA,NA,NA,NA,NA,NA,NA,NA,NA,NA,"IPEA","Daniel",NA
"121",NA,"ASSOCIACAO DE APOIO A PACIENTES E PESQUISA DE CANNABIS MEDICINAL - SANTA KAYA","Santa Kaya","Rio de Janeiro","Rio de Janeiro","não encontrado","não encontrado",NA,NA,NA,NA,NA,NA,NA,NA,NA,NA,"IPEA","Daniel",NA
"122",NA,"INSTITUTO BROWN CANNABIS","IBC","Rio de Janeiro","Rio de Janeiro","não encontrado","não encontrado",NA,NA,NA,NA,NA,NA,NA,NA,NA,NA,"IPEA","Daniel","Seria uma organização do mano brown? Não encontrei divulgação sobre"
"123",NA,"INSTITUTO DE APOIO CANNABIS-ON","não encontrado","Rio de Janeiro","Rio de Janeiro","não encontrado","não encontrado",NA,NA,NA,NA,NA,NA,NA,NA,NA,NA,"IPEA","Daniel",NA
"124",NA,"PRIMEIRA ASSOCIACAO DE CANNABIS MEDICINAL DE CAMPO GRANDE","PACMCG","Rio de Janeiro","Rio de Janeiro","não encontrado","não encontrado",NA,NA,NA,NA,NA,NA,NA,NA,NA,NA,"IPEA","Daniel",NA
"125",NA,"ASSOCIACAO DE CANNABIS MEDICINAL DONA SANTA","Dona Santa","Rio de Janeiro","Rio de Janeiro","https://www.instagram.com/associacaodonasanta/?igsh=anFvN3BhYXU0N3V4#","https://www.donasanta.org.br/",NA,NA,NA,NA,NA,NA,NA,NA,NA,NA,"IPEA","Daniel",NA
"126",NA,"ASSOCIACAO CANNABIS PELA VIDA","CAPEV","Rio de Janeiro","Rio de Janeiro","https://www.instagram.com/acmpelavida/","acmpelavida.org.br (fora do ar)
",NA,NA,NA,NA,NA,NA,NA,NA,NA,NA,"IPEA","Daniel",NA
"127",NA,"ASSOCIACAO BRASILEIRA DE APOIO A CANNABIS TERAPEUTICA AGROECOLOGICA","ABACATE","Rio de Janeiro","Rio de Janeiro","não encontrado","não encontrado",NA,NA,NA,NA,NA,NA,NA,NA,NA,NA,"IPEA","Daniel",NA
"128",NA,"ASSOCIACAO DE MEDICOS E PACIENTES PARA PESQ E PRESCRICAO DE CANNABIS MEDICINAL","PRESCREVA","Rio de Janeiro","Rio de Janeiro","não encontrado","não encontrado",NA,NA,NA,NA,NA,NA,NA,NA,NA,NA,"IPEA","Daniel",NA
"129",NA,"ASSOCIACAO BIO ETICA DE PESQUISAS, ESTUDOS E TRATAMENTOS INTEGRADOS COM CANNABIS","ASSOCIACAO BIO ETICA","Rio de Janeiro","Rio de Janeiro","não encontrado","nao encontrado",NA,NA,NA,NA,NA,NA,NA,NA,NA,NA,"IPEA","Daniel",NA
"130",NA,"DR HEMP ASSOCIACAO CANNABICA DO BRASIL","Dr. Hemp","Rio de Janeiro","Rio de Janeiro","não encontrado","http://drhemp.com.br/",NA,NA,NA,NA,NA,NA,NA,NA,NA,NA,"IPEA","Daniel",NA
"131",NA,"ASSOCIAÇÃO CANNABIS MEDICAL EVOLUTION","Cannabis Medical Evolution","Minas Gerais","Planura","https://www.instagram.com/cannabismedicalevolution?igsh=MXBmNzJnNXp0enMwdQ==","https://cannabismedicalevolution.com.br/",NA,NA,NA,NA,NA,NA,NA,NA,NA,NA,NA,NA,NA
"132",NA,"ASSOCIAÇÃO DE PACIENTES DE CANNABIS MEDICINAL FLOR DA MANTIQUEIRA","Flor da Mantiqueira","Minas Gerais","Itajubá","https://www.instagram.com/aflordamantiqueira?igsh=MXBtYnA5Y2oxMzE3OQ==","não encontrado",NA,NA,NA,NA,NA,NA,NA,NA,NA,NA,NA,NA,NA
"133",NA,"UNIDADE DE ATENDIMENTO INTEGRADO AOS PACIENTES DE CANNABIS","UAI HEMP","Minas Gerais","Lagoa Santa","https://www.instagram.com/uaihempbr?igsh=NnpvbzBuYmh5NTE3","não encontrado",NA,NA,NA,NA,NA,NA,NA,NA,NA,NA,NA,NA,NA
"134",NA,"SALUS ASSOCIAÇÃO CANNABIS MEDICINAL","SACM","Minas Gerais","Uberlândia","https://www.instagram.com/salus_cannabidiol?igsh=aGU5dWhoMTZ1ZGxu","não encontrado",NA,NA,NA,NA,NA,NA,NA,NA,NA,NA,NA,NA,NA
"135",NA,"2IMPAR ASSOCIAÇÃO CANNABIS MEDICINAL","2IMPAR","Minas Gerais","Belo Horizonte","https://www.instagram.com/2impar_associacao?igsh=ZXhiYzRta2k4OWFu","não encontrado",NA,NA,NA,NA,NA,NA,NA,NA,NA,NA,NA,NA,NA
"136",NA,"ASSOCIACAO CANNABIS UBERLANDIA SEMEANDO A CONSCIENCIA","CANNUDI","Minas Gerais","Uberlândia","não encontrado","não encontrado",NA,NA,NA,NA,NA,NA,NA,NA,NA,NA,NA,NA,NA
"137",NA,"SATIVA MEDICINAL","Sativa Medicinal","Minas Gerais","Belo Horizonte","https://www.instagram.com/institutosativamedicinal?igsh=cHZwb2YycnlyZzZy","não encontrado",NA,NA,NA,NA,NA,NA,NA,NA,NA,NA,NA,NA,NA
"138",NA,"ASSOCIAÇÃO CANNABIS MEDICINAL DAS GERAIS","ACMG","Minas Gerais","Belo Horizonte","não encontrado","não encontrado",NA,NA,NA,NA,NA,NA,NA,NA,NA,NA,NA,NA,NA
"139",NA,"IBCann - Instituto Bonverde Cannabis","não encontrado","São Paulo","Joanópolis","não encontrado","não encontrado",NA,NA,NA,NA,NA,NA,NA,NA,NA,NA,NA,NA,NA
"140",NA,"Associacao medicinal pro-vida cannabis","Pró-Vida Cannabis","São Paulo","São Paulo","https://www.instagram.com/providacannabis/","https://www.providacannabis.com.br/?utm_source=ig&utm_medium=social&utm_content=link_in_bio&fbclid=PAZXh0bgNhZW0CMTEAc3J0YwZhcHBfaWQMMjU2MjgxMDQwNTU4AAGn5A8yrOM5U6GD8D1Y3L3vga6UU5LMXBSnNQaqdiUai7PFH4H_9YSfZlYm7IU_aem_xfRCFDKcjKjoIz-ir2tpVw",NA,NA,NA,NA,NA,NA,NA,NA,NA,NA,NA,NA,NA
"141",NA,"Associação de Farmácias e Pacientes para Acesso de Medicamentos Manipulados Derivados da Cannabis","Farmacann","São Paulo","São Paulo","https://www.instagram.com/farmacannbr/","https://farmacann.org.br/",NA,NA,NA,NA,NA,NA,NA,NA,NA,NA,NA,NA,NA
"142",NA,"Associaçãoo de Fitoterapia Cannábica","PhytoCann","São Paulo","Rio Claro","https://www.instagram.com/phyto.cann/","Não encontrado",NA,NA,NA,NA,NA,NA,NA,NA,NA,NA,NA,NA,NA
"143",NA,"Instituto Cannábico Florativa","Florativa","São Paulo","Riberão Preto","Não encontado","https://www.florativa.org/",NA,NA,NA,NA,NA,NA,NA,NA,NA,NA,NA,NA,NA
"144",NA,"Associação Brasileira de Cannabis Medicinal","ABCM","São Paulo","Ituverava","https://www.instagram.com/abcm.ofc/","Não encontrado",NA,NA,NA,NA,NA,NA,NA,NA,NA,NA,NA,NA,NA
"145",NA,"Associacao Amazonida De Cannabis Medicinal","AMACANNABIS","Amazonas","Manaus","https://www.instagram.com/amacannabis/","Não encontrado",NA,NA,NA,NA,NA,NA,NA,NA,NA,NA,"IPEA","Mariana","CNPJ: 49.978.425/0001-69"
"146",NA,"ASSOCIACAO BRASILEIRA DE APOIO AO TRATAMENTO MEDICINAL COM DERIVADOS DA CANNABIS RENASCER",NA,"Paraíba","Campina Grande","Não encontrado","Não encontrado",NA,NA,NA,NA,NA,NA,NA,NA,NA,NA,NA,NA,NA
"147",NA,"INSTITUTO TERAPEUTICO RENASCER","INSTITUTO RENASCER","São Paulo","Franca","https://www.instagram.com/institutorenascer_terapeutico?igsh=MTh4NWJ3ZmlycTMzdQ==","https://renascer-instituto.org/?utm_source=ig&utm_medium=social&utm_content=link_in_bio&fbclid=PAb21jcAPvRDdleHRuA2FlbQIxMQBzcnRjBmFwcF9pZA81NjcwNjczNDMzNTI0MjcAAacKrZQfLHgtxNymJ3o6uHnB_gAATC28l2-JepUH_bRRNmxCvujEkyEoEhEeFA_aem_Ro8ji__-lTsY0pah73ADlw",NA,NA,NA,NA,NA,NA,NA,NA,NA,NA,NA,NA,NA
"148",NA,"ASSOCIACAO CASA VERDE AMAZONIA DE APOIO A CANNABIS MEDICINAL","Casa verde Amazônia","Pará","Belém","https://www.instagram.com/casaverdeamazonia?igsh=MTRqM2E0aTJibTl5dg==","Não encontrado",NA,NA,NA,NA,NA,NA,NA,NA,NA,NA,NA,NA,NA
"149",NA,"ASSOCIACAO DE PROFISSIONAIS E USUARIOS DE CANNABIS PARA FINS DE SAUDE JARDIM ASSOCIACAO JARDIM","ASSOCIACAO JARDIM","Paraíba","João Pessoa","Não encontrado","Não encontrado",NA,NA,NA,NA,NA,NA,NA,NA,NA,NA,NA,NA,NA
"150",NA,"Jardim Terapeutico - Associacao Para O Desenvolvimento Sustentavel da Cannabis Medicinal","Jardim Terapêutico","São Paulo","Guaratinguetá","https://www.instagram.com/ajt.org.br?igsh=MXJzc3ZjNXJyaWl0MQ==","https://ajt.org.br/?utm_source=ig&utm_medium=social&utm_content=link_in_bio&fbclid=PAb21jcAPvR-5leHRuA2FlbQIxMQBzcnRjBmFwcF9pZA81NjcwNjczNDMzNTI0MjcAAadnqlrk8TJ5-3ZWBMR95IMQaBZ2OmVYo4Ay64SFCrIjRhz87ZGu00XlWRyBiQ_aem_4lxC7WOFc_L3DC-bFcwLTQ",NA,NA,NA,NA,NA,NA,NA,NA,NA,NA,NA,NA,NA
"151",NA,"ASSOCIACAO CANNABIS LIVRE DE MATO GROSSO DO SUL","ACALMS - FLOR DO CERRADO","Mato Grosso do Sul","Campo Grande","Não encontrado","Não encontrado",NA,NA,NA,NA,NA,NA,NA,NA,NA,NA,NA,NA,NA
"152",NA,"Céres - Associação de Cannabis Medicinal","CÉRES","Rio Grande do Sul","Porto Alegre","https://www.instagram.com/ceres.med?igsh=MXY2cm1lY2NyMGpocw==","https://www.ceresmed.com.br/",NA,NA,NA,NA,NA,NA,NA,NA,NA,NA,NA,NA,NA
"153",NA,"INSTITUTO PAMPA DE CANNABIS MEDICINAL","PAMPA","Rio Grande do Sul","Caçapava","https://www.instagram.com/pampa.cannabis?igsh=MWF3cDA5YWIybGQ0eg==","Não encontrado",NA,NA,NA,NA,NA,NA,NA,NA,NA,NA,NA,NA,NA
"154",NA,"ASSOCIACAO CANABICA RAIZES DA PARAHYBA","RAIZES DA PARAHYBA","Paraíba","João Pessoa","https://www.instagram.com/associacao_raizes?igsh=MWZuam14dWQxaWhwaQ==","Não encontrado",NA,NA,NA,NA,NA,NA,NA,NA,NA,NA,NA,NA,NA
"155",NA,"INSTITUTO BRASILEIRO DE INOVACAO E DESENVOLVIMENTO DA CANNABIS SATIVA BRASHEMP","BRASHEMP","Alagoas","Maceió","https://www.instagram.com/brashemp_br?igsh=MTJraDU1d3I1YWl5eA==","https://brashemp.com/?utm_source=ig&utm_medium=social&utm_content=link_in_bio&fbclid=PAb21jcAPvWmVleHRuA2FlbQIxMQBzcnRjBmFwcF9pZA81NjcwNjczNDMzNTI0MjcAAacKGgbVWXltgYmzHyHe_46m_8ZfYnhYaJkCuSHCoaeti6G3uP7M0Tlqw8z62A_aem_7g2uP19g1sVgUAY9t3y96w",NA,NA,NA,NA,NA,NA,NA,NA,NA,NA,NA,NA,NA
"156",NA,"Bendita Associação canabica","Bendita Canabica","Rio Grande do Sul","Porto Alegre","https://www.instagram.com/benditacanabica?igsh=MTV6ZWgxejc4a3J2eg==","Não encontrado",NA,NA,NA,NA,NA,NA,NA,NA,NA,NA,NA,NA,NA
"157",NA,"Associação Bendita Planta","Bendita Planta","São Paulo","Mirassol","https://www.instagram.com/associacaobenditaplanta?igsh=cDhudGFhODZicGZs","https://abenditaplanta.com.br/associe-se/",NA,NA,NA,NA,NA,NA,NA,NA,NA,NA,NA,NA,NA
"158",NA,"TO Ananda - Associação de Cannabis Medicinal do Estado do Tocantins.","TO Ananda","Tocantins","Palmas","https://www.instagram.com/toananda_/","Não encontrado",NA,NA,NA,NA,NA,NA,NA,NA,NA,NA,"Busca livre na internet","Mariana",NA
"159",NA,"INSTITUTO TRICOMAS DE ACESSO A CANNABIS MEDICINAL","Instituto Tricomas","Maranhão","São Luís","https://www.instagram.com/institutotricomas/","https://institutotricomas.org/",NA,NA,NA,NA,NA,NA,NA,NA,NA,NA,"IPEA","Mariana",NA
"160",NA,"ASSOCIAÇÃO DE CANNABIS MEDICINAL DO RIO GRANDE DO NORTE","ACAM-RN","Rio Grande do Norte","Natal","https://www.instagram.com/acam_rn/","https://www.acamrn.org/institucional",NA,NA,NA,NA,NA,NA,NA,NA,NA,NA,"Busca livre na internet","Mariana","CNPJ 57.931.145/0001-23. E-mail: contato@acamrn.com.br. Telefone: +55 84 99114-0807"
"161",NA,"ASSOCIACAO DE PACIENTES APOIO MEDICINAL E PESQUISA EM CANNABIS - ASPAMPAS","ASPAMPAS","Mato Grosso","Cuiabá","https://www.instagram.com/aspampasmt/","Não encontrado",NA,NA,NA,NA,NA,NA,NA,NA,NA,NA,"IPEA","Mariana",NA
"162",NA,"ASSOCIACAO DE APOIO A PESQUISAS E PACIENTES DE CANNABIS DE CHAPADA DOS GUIMARAES","ELEVASE","Mato Grosso","Chapada dos Guimarães","Não encontrado","Não encontrado",NA,NA,NA,NA,NA,NA,NA,NA,NA,NA,"IPEA","Mariana",NA
"163",NA,"ASSOCIACAO CANABICA UNIAO RENASCER COM AMOR","RENASCER COM AMOR","Rio Grande do Norte","Natal","Não encontrado","Não encontrado",NA,NA,NA,NA,NA,NA,NA,NA,NA,NA,"IPEA","Mariana","CNPJ: 48.005.188/0001-97"
"164",NA,"ASSOCIACAO NORTE/NORDESTE DE APOIO A MEDICINA INTEGRATIVA, DESENVOLVIMENTO E PESQUISA DA CANNABIS MEDICINALS",NA,"Rio Grande do Norte","Natal","Não encontrado","Não encontrado",NA,NA,NA,NA,NA,NA,NA,NA,NA,NA,"IPEA","Mariana","CNPJ: 56.921.446/0001-03"
"165",NA,"ASSOCIACAO DE CANNABIS MEDICINAL NOSSA FLOR","Nossa flor","Rio Grande do Norte","Pedro Velho","https://www.instagram.com/nossaflorcannabis/","https://nossaflor.com.br/",NA,NA,NA,NA,NA,NA,NA,NA,NA,NA,"IPEA","Mariana",NA
"166",NA,"ASSOCIACAO POTIGUAR CANNABIS MEDICINAL - APOIAR","APOIAR","Rio Grande do Norte","Parnamirim","https://www.instagram.com/apoiarbr/","https://apoiarbrasil.org/?utm_source=ig&utm_medium=social&utm_content=link_in_bio&fbclid=PAZXh0bgNhZW0CMTEAc3J0YwZhcHBfaWQMMjU2MjgxMDQwNTU4AAGnJKuwhSadozTjKfSrM_p3i1O2oWyljwpDXsDilZVPJu6Hlu0cE7OZCgJmlZ8_aem_qMPv0HTJzIcYBUK_QOoz4A",NA,NA,NA,NA,NA,NA,NA,NA,NA,NA,"IPEA","Mariana",NA
"167",NA,"IBCA - INSTITUTO BRASIL CANNABIS","IBCA","Rio Grande do Norte","Natal","https://www.instagram.com/institutobrasilcannabis/","https://institutobrasilcannabis.org/",NA,NA,NA,NA,NA,NA,NA,NA,NA,NA,"IPEA","Mariana",NA
"168",NA,"SONHAR - ASSOCIACAO DE CANNABIS MEDICINAL","SONHAR","Rio Grande do Norte","Natal","https://www.instagram.com/sousonhar/","Não encontrado",NA,NA,NA,NA,NA,NA,NA,NA,NA,NA,"IPEA","Mariana","CNPJ: 50.278.930/0001-80"
"169",NA,"CANNABIS MEDICINAL CURA CANABICA","Cura Canábica","Santa Catarina","Criciúma","https://www.instagram.com/curacanabicabr/","Não encontrado",NA,NA,NA,NA,NA,NA,NA,NA,NA,NA,"IPEA","Mariana",NA
"170",NA,"INSTITUTO BRASILEIRO DE PESQUISA E ACESSO A CANNABIS MEDICINAL","INSTITUTO MOA","Santa Catarina","Tubarão","Não encontrado","Não encontrado",NA,NA,NA,NA,NA,NA,NA,NA,NA,NA,"IPEA","Mariana","CNPJ: 50.487.265/0001-34"
"171",NA,"ASSOCIACAO CANNA DROP DE IMPORTADORES, EXPORTADORES, PACIENTES, PESQUISADORES, ESTUDIOSOS, APOIADORES E ENTUSIASTAS DE CANNABIS MEDICINAL","CANNA DROP","Santa Catarina","Imbituba","https://www.instagram.com/cannadrop/","https://www.cannadrop.com.br/?utm_source=ig&utm_medium=social&utm_content=link_in_bio&fbclid=PAZXh0bgNhZW0CMTEAc3J0YwZhcHBfaWQMMjU2MjgxMDQwNTU4AAGnOcpJR10Fvqa-dYiZGJsC9qJFERxsDDjyFTyrwf7tk5yIfFW2wDorLSJjzpc_aem_gDUFzz1o_xDmfFRit_K_6Q",NA,NA,NA,NA,NA,NA,NA,NA,NA,NA,"IPEA","Mariana",NA
"172",NA,"ASSOCIACAO DE APOIO AO PACIENTE E A PESQUISA CIENTIFICA COM CANNABIS MEDICINAL","FLORES DA GUARDA DO EMBAU","Santa Catarina","Palhoça","Não encontrado","Não encontrado",NA,NA,NA,NA,NA,NA,NA,NA,NA,NA,"IPEA","Mariana","CNPJ: 53.293.472/0001-46"
"173",NA,"Instituto da Cannabis","Instituto da Cannabis","Santa Catarina","Florianópolis","Não encontrado","Não encontrado",NA,NA,NA,NA,NA,NA,NA,NA,NA,NA,"IPEA","Mariana","CNPJ: 19.786.399/0001-06"
"174",NA,"ASSOCIACAO LATINO AMERICANA DE ASSISTENCIA A PACIENTES DA CANNABIS MEDICINAL - ALACAMED","ALACAMED","Santa Catarina","Palhoça","Não encontrado","Não encontrado",NA,NA,NA,NA,NA,NA,NA,NA,NA,NA,"IPEA","Mariana","CNPJ: 34.961.669/0001-61"
"175",NA,"ASSOCIACAO BRASILEIRA TERAPIA HUMANA CANNABICA - ABTHC","ABTHC","Santa Catarina","São José","https://www.instagram.com/terapiahumanacannabica/","Não encontrado",NA,NA,NA,NA,NA,NA,NA,NA,NA,NA,"IPEA","Mariana",NA
"176",NA,"ASSOCIACAO PELA LUTA, LIBERDADE E INCLUSAO DA CANNABIS - ALLICAN","ALLICAN","Santa Catarina","Florianópolis","https://www.instagram.com/sou.allican/","Não encontrado",NA,NA,NA,NA,NA,NA,NA,NA,NA,NA,"IPEA","Mariana",NA
"177",NA,"DON DA VIDA ASSOCIACAO DE CANNABIS TERAPEUTICA","DON DA VIDA","Santa Catarina","Florianópolis","https://www.instagram.com/associacaodondavida/","Não encontrado",NA,NA,NA,NA,NA,NA,NA,NA,NA,NA,"IPEA","Mariana",NA
"178",NA,"ASSOCIACAO CANNABIS MEDICINAL PELA VIDA","ASSOCIACAO CANNABIS MEDICINAL PELA VIDA","Santa Catarina","Florianópolis","https://www.instagram.com/acmpelavida/","Não encontrado",NA,NA,NA,NA,NA,NA,NA,NA,NA,NA,"IPEA","Mariana",NA
"179",NA,"INSTITUTO CANNABIS DO BEM","INSTITUTO CANNABIS DO BEM","Santa Catarina","Florianópolis","https://www.instagram.com/institutocdb/","https://institutocdb.org.br/",NA,NA,NA,NA,NA,NA,NA,NA,NA,NA,"IPEA","Mariana",NA
"180",NA,"ASSOCIACAO DE FOMENTO A PESQUISA CIENTIFICA E ACESSO AOS PACIENTES DE CANNABIS MEDICINAL - CANNABIS SEM FRONTEIRAS","Cannabis sem Fronteiras","Santa Catarina","Florianópolis","https://www.instagram.com/associacao.semfronteiras/","https://cannabis.org.br/",NA,NA,NA,NA,NA,NA,NA,NA,NA,NA,"IPEA","Mariana",NA
"181",NA,"FLORES DE MARIA - ASSOCIACAO BRASILEIRA DE CANNABIS MEDICINAL","Flores de Maria","Santa Catarina","Florianópolis","Não encontrado","Não encontrado",NA,NA,NA,NA,NA,NA,NA,NA,NA,NA,"IPEA","Mariana","CNPJ: 48.236.267/0001-09"
"182",NA,"ASSOCIACAO DE PESQUISA E CIENCIAS CANABICAS - ODAMATA","ODAMATA","Santa Catarina","Imbituba","https://www.instagram.com/odamata.apcc/","https://www.odamata.org.br/",NA,NA,NA,NA,NA,NA,NA,NA,NA,NA,"IPEA","Mariana",NA
"183",NA,"SANTA GOTA - ASSOCIACAO CANABICA EM DEFESA DA SAUDE","Santa Gota","Santa Catarina","Florianópolis","https://www.instagram.com/santagotabr/","https://santagotabr.com.br/",NA,NA,NA,NA,NA,NA,NA,NA,NA,NA,"IPEA","Mariana",NA
"184",NA,"ASSOCIACAO CANABICA FLORIPLANTA","FLORIPLANTA","Santa Catarina","Florianópolis","https://www.instagram.com/flori.planta/","https://floriplanta.com.br/",NA,NA,NA,NA,NA,NA,NA,NA,NA,NA,"IPEA","Mariana",NA
"185",NA,"ASSOCIACAO DE SAUDE CANABICA E PSICODELICA","Canna Délica","Santa Catarina","Florianópolis","https://www.instagram.com/canna.delica/","Não encontrado",NA,NA,NA,NA,NA,NA,NA,NA,NA,NA,"IPEA","Mariana",NA
"186",NA,"Associação Baiana de Apoio a Paciente e Estudos da Cannabis Medicinal","ABAPEC","Bahia","Itacaré","https://www.instagram.com/a.b.a.p.e.c/","Não encontrado",NA,NA,NA,NA,NA,NA,NA,NA,NA,NA,NA,NA,NA
"187",NA,"Associação Baiana Cannabis Medicinal","ABBACAME","Bahia","Itaberaba","https://www.instagram.com/abbacame/","Não encontrado",NA,NA,NA,NA,NA,NA,NA,NA,NA,NA,NA,NA,NA
"188",NA,"Associacao Madagascar de Pesquisa e Desenvolvimento da Cannabis Medicinal no Estado da Bahia",NA,"Bahia","Vera Cruz","Não encontrado","Não encontrado",NA,NA,NA,NA,NA,NA,NA,NA,NA,NA,NA,NA,NA
"189",NA,"Associação Chapada Diamantina de Pacientes e Estudos da Cannabis Medicinal","ACDC","Bahia","Ibicoara","https://www.instagram.com/acdc.chapadadiamantina/","https://www.acdc-chapada.org.br/?utm_source=ig&utm_medium=social&utm_content=link_in_bio&fbclid=PAZXh0bgNhZW0CMTEAc3J0YwZhcHBfaWQMMjU2MjgxMDQwNTU4AAGndMRwaffM6Qj--T12TwFw1fjHDvDzKjitREKq0-evChswuK5RIINBUp4sAS8_aem_1kUvZf1yaiXYD3Bms8uhww",NA,NA,NA,NA,NA,NA,NA,NA,NA,NA,NA,NA,NA
"190",NA,"Associacao Multidisciplinar De Pesquisa E Apoio A Pacientes De Cannabis Medicinal","SativaMente","Bahia","Vitória da Conquista","https://www.instagram.com/sativamente.ong/","Não encontrado",NA,NA,NA,NA,NA,NA,NA,NA,NA,NA,NA,NA,NA
"191",NA,"Associacao de Pacientes de Cannabis Medicinal - Suruma","Suruma","Bahia","Simões Filho","Não encontrado","https://suruma.org/",NA,NA,NA,NA,NA,NA,NA,NA,NA,NA,NA,NA,NA
"192",NA,"instituto brasileiro de direito a saude inclusiva, p de cannabis medicinal e f ao microcredito - n m s p e de s a de p, c, emprego e credito","Instituto Brasileiro de Direito à Saúde Inclusiva","Bahia","Barreiras","https://www.instagram.com/institutodireitosaudeinclusiva?igsh=MXJ3Y2VoZmhwZmtnYQ%3D%3D&utm_source=qr&utm_medium=social&utm_content=link_in_bio&fbclid=PAZXh0bgNhZW0CMTEAc3J0YwZhcHBfaWQMMjU2MjgxMDQwNTU4AAGnkSOPg9QetmoF4NV_r2IdMU0kCogt3DIIftMc7okh_tfE0GBuIfd7J33eKeM_aem_UY2chJc3FeZxWj0N2PRbPw","Não encontrado",NA,NA,NA,NA,NA,NA,NA,NA,NA,NA,NA,NA,NA
"193",NA,"associacao civil associacao cientifica de cannabis medicinal accm","ACCM","Bahia","Lauro de Freitas","Não encontrado","Não encontrado",NA,NA,NA,NA,NA,NA,NA,NA,NA,NA,NA,NA,NA
"194",NA,"instituto de medicina canabica da america latina","IMEC","Bahia","Maraú","https://www.instagram.com/institutomedicinacanabica/","Não encontrado",NA,NA,NA,NA,NA,NA,NA,NA,NA,NA,NA,NA,NA
"195",NA,"associacao multidisciplinar de estudos e cultura canabica","AMECC","Bahia","Jitaúna","https://www.instagram.com/ameccbrasil/","Não encontrado",NA,NA,NA,NA,NA,NA,NA,NA,NA,NA,NA,NA,NA
"196",NA,"Associação Pauloafonsina de Estudos Canábicos","ASPAEC","Bahia","Paulo Afonso","https://www.instagram.com/aspaec.medicinal/","https://aspaec.com/",NA,NA,NA,NA,NA,NA,NA,NA,NA,NA,NA,NA,NA
"197",NA,"Instituto Anandamida Pesquisa e Estudo em Cannabis Medicinal","Instituto Anandamida","Pernambuco","Recife","https://www.instagram.com/institutoanandamida/","https://www.institutoanandamida.org/",NA,NA,NA,NA,NA,NA,NA,NA,NA,NA,NA,NA,NA
"198",NA,"Associacao Brasileira de Cannabis Medicinal do Semiarido","ABCAM Semiárido","Pernambuco","Petrolina","https://www.instagram.com/abcamsemiarido/","Não encontrado",NA,NA,NA,NA,NA,NA,NA,NA,NA,NA,NA,NA,NA
"199",NA,"Associação Brasileira de Terapias Integradas e Pesquisas em Cannabis Medicinal","Asbratipecam","Pernambuco","Petrolândia","Não encontrado","Não encontrado",NA,NA,NA,NA,NA,NA,NA,NA,NA,NA,NA,NA,NA
"200",NA,"Associacao de Apoio a Pacientes, Pesquisa e Desenvolvimento de Canhamo e Cannabis Medicinal","AMO","Paraná","Mandirituba","Não encontrado","https://www.jusbrasil.com.br/nome/associacao-amo/cnpj-6tFY7daePj_",NA,NA,NA,NA,NA,NA,NA,NA,NA,NA,"IPEA","Daniel",NA
"201",NA,"Associacao Cannabis Medicinal de Pernambuco","ACMPE","Pernambuco","Camaragibe","https://www.instagram.com/acmpernambuco/ / https://www.instagram.com/canabismedicinalpe/","http://www.acmpernambuco.com.br/",NA,NA,NA,NA,NA,NA,NA,NA,NA,NA,NA,NA,NA
"202",NA,"Associacao de Cannabis Terapeutica Katia Maia","ACT Katia Mello","Pernambuco","Buíque","Não encontrado","Não encontrado",NA,NA,NA,NA,NA,NA,NA,NA,NA,NA,NA,NA,NA
"203",NA,"Associação Canábica do Nordeste","Acanne","Pernambuco","Recife","https://www.instagram.com/acannecbd/","https://acanne.com.br/?utm_source=ig&utm_medium=social&utm_content=link_in_bio&fbclid=PAZXh0bgNhZW0CMTEAc3J0YwZhcHBfaWQMMjU2MjgxMDQwNTU4AAGnqD2JuIKDyQ2dQJVMwpuVHt7HSNGrGVKlUZTDjVFwbxF4-PTTqVz5m0MbECc_aem_lQH4HIIRyOeKA5loUlUEFQ",NA,NA,NA,NA,NA,NA,NA,NA,NA,NA,NA,NA,"""Padrão farmacêutico dos EUA"" na bio do Instagram"
"204",NA,"Associação Alma Cannabis","Alma Lab","Distrito Federal","Brasília","https://www.instagram.com/almalabcbd/","https://almalabcompany.com/v2/",NA,NA,NA,NA,NA,NA,NA,NA,NA,NA,NA,NA,"Conferir se é a associação do CNPJ encontrado"
"205",NA,"Antikamnia Associação Terapêutica de Cannabis","Associação Antikamnia","Distrito Federal","Brasília","https://www.instagram.com/antikamnia.ong/reels/","Não encontrado",NA,NA,NA,NA,NA,NA,NA,NA,NA,NA,NA,NA,NA
"206",NA,"associacao da cannabis medicinal do brasil - chemps","?","Distrito Federal","Brasília","Não encontrado","Não encontrado",NA,NA,NA,NA,NA,NA,NA,NA,NA,NA,NA,NA,NA
"207",NA,"Trifolha Associação Canábica","?","Distrito Federal","Brasília","Não encontrado","Não encontrado",NA,NA,NA,NA,NA,NA,NA,NA,NA,NA,NA,NA,NA
"208",NA,"Associação Brasileira para o Desenvolvimento da Medicina Cannábica - Associação Central","?","Distrito Federal","Brasília","Não encontrado","Não encontrado",NA,NA,NA,NA,NA,NA,NA,NA,NA,NA,NA,NA,NA
"209",NA,"Associação Brasileira de Cannabis e Saúde","Abracann","Distrito Federal","Brasília","https://www.instagram.com/abracann_/",NA,NA,NA,NA,NA,NA,NA,NA,NA,NA,NA,NA,NA,NA
"210",NA,"ALBECAN ASSOCIACAO LUSO BRASILEIRA DE ENFERMAGEM CANABICA","Albecan","Rio de Janeiro","Teresópolis","https://www.instagram.com/aalbecan/","https://www.albecan.com/",NA,NA,NA,NA,NA,NA,NA,NA,NA,NA,"IPEA","Daniel",NA
"211",NA,"ASSOCIACAO CIENTIFICA DE APOIO CANABICO IGUALITARIO","Acaci","Rio de Janeiro","Rio de Janeiro","não encontrado","não encontrado",NA,NA,NA,NA,NA,NA,NA,NA,NA,NA,"IPEA","Daniel",NA
"212",NA,"CANNALABS ASSOCIACAO CANABICA DO BRASIL","Cannalabs","Rio de Janeiro","Rio de Janeiro","não encontrado","https://www.facebook.com/cannalabs.br/",NA,NA,NA,NA,NA,NA,NA,NA,NA,NA,"IPEA","Daniel",NA
"213",NA,"RIO ASSOCIACAO CANABICA RIO","AC RIO","Rio de Janeiro","Rio de Janeiro","https://www.instagram.com/acrio_/","https://www.associacaocannabicario.org/",NA,NA,NA,NA,NA,NA,NA,NA,NA,NA,"IPEA","Daniel",NA
"214",NA,"ASSOCIACAO BRASILEIRA MACAE MEDICINAL","Macaé Medicinal","Rio de Janeiro","Macaé","não encontrado","https://mapannabis.com/associacao/macae-medicinal/",NA,NA,NA,NA,NA,NA,NA,NA,NA,NA,"IPEA","Daniel",NA
"215",NA,"ASSOCIACAO CUIDAR DE CANNABIS MEDICINAL","Cuidar Cannabis","Ceará","Juazeiro do Norte","https://www.instagram.com/cuidarcannabis/","não encontrado",NA,NA,NA,NA,NA,NA,NA,NA,NA,NA,"IPEA","Daniel",NA
"216",NA,"ASSOCIACAO MEDICINAL DE CANNABIS CARIRI","AME","Ceará","Juazeiro do Norte","https://www.instagram.com/amecannabiscariri/","não encontrado",NA,NA,NA,NA,NA,NA,NA,NA,NA,NA,"IPEA","Daniel",NA
"217",NA,"ASSOCIACAO DE PAIS E PACIENTES AUTISTAS EM USO DE CANNABIS MEDICINAL","APPACAM","Ceará","Aracati","não encontrado","não encontrado",NA,NA,NA,NA,NA,NA,NA,NA,NA,NA,"IPEA","Daniel",NA
"218",NA,"ASSOCIACAO ESCOLA CANNABICA DO CEARA","ESCOLA CANNABICA DO CEARA","Ceará","Caucaia","https://www.instagram.com/escolacannabicadoceara/","não encontrado",NA,NA,NA,NA,NA,NA,NA,NA,NA,NA,"IPEA","Daniel",NA
"219",NA,"Instituto de Pesquisas Sociais e Econômicas da Cannabis","Instituto Ficus","São Paulo","São Paulo","https://www.instagram.com/institutoficus/","https://institutoficus.org/",NA,NA,NA,NA,NA,NA,NA,NA,NA,NA,"Busca livre google","Daniel",NA
"220",NA,"ASSOCIACAO DE APOIO A PESQUISA E PACIENTES DE CANNABIS MEDICINAL","Acura","Ceará","Caucaia","https://www.instagram.com/acurabrasil/","https://acurabr.com.br/",NA,NA,NA,NA,NA,NA,NA,NA,NA,NA,"IPEA","Daniel",NA
"221",NA,"ASSOCIACAO CEARENSE DE TERAPIA E PESQUISA CANNABICA","Actec","Ceará","Fortaleza","https://www.instagram.com/actec85/","https://www.actec85.com/",NA,NA,NA,NA,NA,NA,NA,NA,NA,NA,"IPEA","Daniel",NA
"222",NA,"ASSOCIACAO DE CANNABIS TERAPEUTICA E FITOTERAPIA JARDIM SANTA MARIA","Jardim Santa Maria","Ceará","Fortaleza","Não encontrado","não encontrado",NA,NA,NA,NA,NA,NA,NA,NA,NA,NA,"IPEA","Daniel",NA
"223",NA,"ASSOCIACAO DEFESA E APOIO AOS PACIENTES TRATAMENTO COM CANNABIS","ADAPTA-CANN","Ceará","Fortaleza","https://www.instagram.com/adapta.cann/","https://adaptacann.com.br/",NA,NA,NA,NA,NA,NA,NA,NA,NA,NA,"IPEA","Daniel",NA
"224",NA,"ASSOCIACAO NATUREZA CANABICA","Natureza Canábica","Ceará","Tabuleiro do Norte","não encontrado","não encontrado",NA,NA,NA,NA,NA,NA,NA,NA,NA,NA,"IPEA","Daniel",NA
"225",NA,"ASSOCIACAO NACIONAL DE TERAPIAS CANABICAS","ANTC","Ceará","Fortaleza","https://www.instagram.com/antcmedicinal/","https://antcmed.org/",NA,NA,NA,NA,NA,NA,NA,NA,NA,NA,"IPEA","Daniel",NA
"226",NA,"INSTITUTO CANABICO BELA FLOR","Canabis Bela Flor","Goiás","Goiânia","https://www.instagram.com/institutocanabicobelaflor/","https://canabisbelaflor.com.br/",NA,NA,NA,NA,NA,NA,NA,NA,NA,NA,"IPEA","Daniel",NA
"227",NA,"INSTITUTO DE PESQUISA CIENTIFICA E INOVACAO TERAPEUTICA CANNABIS SATIVA","SEIVA","Goiás","Rio Verde","não encontrado","não encontrado",NA,NA,NA,NA,NA,NA,NA,NA,NA,NA,"IPEA","Daniel",NA
"228",NA,"ASSOCIACAO DE APOIO AOS PACIENTES DE CANNABIS MEDICINAL","CANNABCURA","Goiás","Senador Canedo","https://www.instagram.com/associacaocannabcura","https://cannabcura.com.br/",NA,NA,NA,NA,NA,NA,NA,NA,NA,NA,"IPEA","Daniel",NA
"229",NA,"ASSOCIACAO BRASILEIRA DE PACIENTES DE CANNABIS MEDICINAL","CANNABIO","Goiás","Alto Paraíso de Goiás","não encontrado","https://cannabio.com.br/",NA,NA,NA,NA,NA,NA,NA,NA,NA,NA,"IPEA","Daniel",NA
"230",NA,"ASSOCIACAO BRASILEIRA PARA CANNABIS MEDICINAL E PESQUISAS","SEQUOIA","Goiás","Alto Paraíso de Goiás","não encontrado","não encontrado",NA,NA,NA,NA,NA,NA,NA,NA,NA,NA,"IPEA","Daniel",NA
"231",NA,"ASSOCIACAO CANNABIS LUZ MEDICINAL","Acalme","Goiás","Alto Paraíso de Goiás","não encontrado","https://www.econodata.com.br/consulta-empresa/41097008000103-associacao-cannabis-luz-medicinal",NA,NA,NA,NA,NA,NA,NA,NA,NA,NA,"IPEA","Daniel",NA
"232",NA,"ASSOCIACAO CANNABICA DE ESTUDO E TERAPIAS INTEGRADAS COM RESULTADOS","Sentir Cannabis","Paraná","Foz do Iguaçu","https://www.instagram.com/sentircannabis/","não encontrado",NA,NA,NA,NA,NA,NA,NA,NA,NA,NA,"IPEA","Daniel",NA
"233",NA,"ASSOCIACAO BRASILEIRA DE CANNABIS","ABC","Paraná","Santa Tereza do Oeste","não encontrado","https://www.jusbrasil.com.br/nome/abc/cnpj-CW8T_LhmAqM",NA,NA,NA,NA,NA,NA,NA,NA,NA,NA,"IPEA","Daniel",NA
"234",NA,"ASSOCIACAO CANNABIS MEDICINAL BRASIL","ASSOCIACAO CANNABIS MEDICINAL BRASIL","Paraná","Nova Esperança","não encontrado","https://www.jusbrasil.com.br/nome/associacao-cannabis-medicinal-brasil/cnpj-8vZMicQ69FZ",NA,NA,NA,NA,NA,NA,NA,NA,NA,NA,"IPEA","Daniel",NA
"235",NA,"ASSOCIACAO CULTURAL E DE APOIO CANNABICO DOS CAMPOS GERAIS","Florescer","Paraná","Ponta Grossa","https://www.instagram.com/florescerassociacao/","www.facebook.com/florescerpg",NA,NA,NA,NA,NA,NA,NA,NA,NA,NA,"IPEA","Daniel",NA
"236",NA,"ASSOCIACAO MEDICINAL DE PESQUISA, APOIO E REABILITACAO ONTOLOGICA DA CANNABIS","AMPARO","Paraná","Quitandinha","Não encontrado","https://associacaoamparo.org/",NA,NA,NA,NA,NA,NA,NA,NA,NA,NA,"IPEA","Daniel",NA
"237",NA,"ASSOCIACAO BRASILEIRA DE CANNABIS MEDICINAL RL SALUD ABCM","abcmrlsalud","Paraná","Colombo","https://www.instagram.com/abcmrlsalud","https://rlsaludabcm.com.br/",NA,NA,NA,NA,NA,NA,NA,NA,NA,NA,"IPEA","Daniel",NA
"238",NA,"ASSOCIACAO BRILHAR DE APOIO A CANNABIS MEDICINAL","ABCMED","Paraná","Curitiba","não encontrado","https://abcmed.org/",NA,NA,NA,NA,NA,NA,NA,NA,NA,NA,"IPEA","Daniel",NA
"239",NA,"ASSOCIACAO BRASILEIRA DE PESQUISA E ACESSO A CANNABIS TERAPEUTICA VIDA EM FLOR","ASSOCIACAO VIDA EM FLOR","Paraná","Curitiba","não encontrado","https://www.jusbrasil.com.br/nome/associacao-canabica-vida-em-flor/cnpj-Hr9rqoN1a1Z",NA,NA,NA,NA,NA,NA,NA,NA,NA,NA,"IPEA","Daniel",NA
"240",NA,"INSTITUTO INTERNACIONAL DE PACIENTES DE CANNABIS MEDICINAL","Instituto Sativa Medicinal","Paraná","Curitiba","https://www.instagram.com/institutosativamedicinal/","https://institutosativa.org.br/",NA,NA,NA,NA,NA,NA,NA,NA,NA,NA,"IPEA","Daniel",NA
"241",NA,"ASSOCIACAO BRASILEIRA DE USUARIOS DE CANNABIS MEDICINAL","ABUC","Paraná","Curitiba","https://www.instagram.com/abuc.br/","https://www.abuc.com.br/",NA,NA,NA,NA,NA,NA,NA,NA,NA,NA,"IPEA","Daniel",NA
"242",NA,"ASSOCIACAO CANABICA UNIDOS EM RAZAO DO AMOR","ACURA","Paraná","Curitiba","https://www.instagram.com/associacaocannabica/","https://acuraong.com.br/",NA,NA,NA,NA,NA,NA,NA,NA,NA,NA,"IPEA","Daniel",NA
"243",NA,"FEDERACAO CANABICA","FECAN","Paraná","Alto Paraná","https://www.instagram.com/federacaocanabica/","https://fecan.org.br/",NA,NA,NA,NA,NA,NA,NA,NA,NA,NA,"IPEA","Daniel",NA
"244",NA,"Sobre Viver Associacao Canabica","Sobre Viver Associacao Canabica","Paraná","Ponta Grossa","Não encontrado","https://www.jusbrasil.com.br/nome/sobre-viver-associacao-canabica/cnpj-NgH51mtFYgH",NA,NA,NA,NA,NA,NA,NA,NA,NA,NA,"IPEA","Daniel",NA
"245",NA,"CONSELHO BRASILEIRO PARA O DESENVOLVIMENTO DO CULTIVO, ESTUDOS E INDUSTRIALIZACAO DO CANHAMO E SEUS DERIVADOS","CBD","Goiás","Nerópolis","Não encontrado","https://cnpj.biz/15363027000116",NA,NA,NA,NA,NA,NA,NA,NA,NA,NA,"IPEA","Daniel",NA
"246",NA,"ASSOCIACAO BEHEMP DE DESENVOLVIMENTO PESQUISA E FOMENTO EM CANNABIS NO BRASIL","Be 4Hope","São Paulo","São Paulo","https://www.instagram.com/be_4hope/","https://be4hope.org/institucional/",NA,NA,NA,NA,NA,NA,NA,NA,NA,NA,NA,NA,NA
"247",NA,"ASSOCIACAO BRASILEIRA DE CANNABIS MEDICINAL - ABCMEDICINAL","ABCMEDICINAL","São Paulo","Santo André","https://www.instagram.com/abcmedicinalorg/","https://www.abcmedicinal.org/?utm_source=ig&utm_medium=social&utm_content=link_in_bio&fbclid=PAZXh0bgNhZW0CMTEAc3J0YwZhcHBfaWQMMjU2MjgxMDQwNTU4AAGnytE-5KIKA61VZjBbIaP9aH25slTfsEpFjheb8Xi5YpQ1llaqr8YpkJZpda0_aem_oYqvI0Q5MPSzzHYuZ0pxfA",NA,NA,NA,NA,NA,NA,NA,NA,NA,NA,NA,NA,NA
"248",NA,"Associação Brasileira de Apoio e Cuidados com Cannabis","ABRACUCA","São Paulo","Bragança Paulista","https://www.instagram.com/abracucacbd/","https://www.abracuca.org/",NA,NA,NA,NA,NA,NA,NA,NA,NA,NA,NA,NA,NA
"249",NA,"Associação Cannabica Cultivando o Bem","Cultivando o Bem","São Paulo","Piracaia","https://www.instagram.com/cultivandoobembr/","https://cultivandoobem.com.br/",NA,NA,NA,NA,NA,NA,NA,NA,NA,NA,NA,NA,NA
"250",NA,"Acannuba - Associação Cannábica de Ubatuba","Acannuba","São Paulo","Ubatuba","https://www.instagram.com/acannuba/","Não encontrado",NA,NA,NA,NA,NA,NA,NA,NA,NA,NA,NA,NA,NA
"251",NA,"Centro Regional de Introdução ao Autocultivo de Cannabis Medicinal","Cria Cannabis Medicinal","São Paulo","São Paulo","https://www.instagram.com/cria.cannabis.medicinal/","Não encontrado",NA,NA,NA,NA,NA,NA,NA,NA,NA,NA,NA,NA,NA
"252",NA,"Associação Brasileira Pet Cannabis","Associação Brasileira Pet Cannabis","São Paulo","São Paulo","https://www.instagram.com/abpetcannabisreserva/","https://abpetcannabis.com.br/",NA,NA,NA,NA,NA,NA,NA,NA,NA,NA,NA,NA,NA
"253",NA,"Associação Cannabis Medicinal - Vivabis","Vivabis Medicinal","São Paulo","Cotia","https://www.instagram.com/vivabis_medicinal/","https://www.vivabismedicinal.com/",NA,NA,NA,NA,NA,NA,NA,NA,NA,NA,NA,NA,NA
"254",NA,"Humana Associacao de Pacientes de Cannabis Terapeutica","?","São Paulo","São Paulo","Não encontrado","Não encontrado",NA,NA,NA,NA,NA,NA,NA,NA,NA,NA,NA,NA,NA
"255",NA,"ASSOCIACAO DE DESENVOLVIMENTO E PESQUISA EM CANNABIS NO BRASIL BRASCANN","BRASCANN","São Paulo","Campinas","https://www.instagram.com/_brascann/","Não encontrado",NA,NA,NA,NA,NA,NA,NA,NA,NA,NA,NA,NA,NA
"256",NA,"Associação de Pesquisa e Estudo da Cannabis Sativa de Assis","APECA","São Paulo","Assis","https://www.instagram.com/apecassis/","https://apecassis.wixsite.com/apeca",NA,NA,NA,NA,NA,NA,NA,NA,NA,NA,NA,NA,NA
"257",NA,"Associação Sagrada Cannabis Medicinal","Sagrada Cannabis","São Paulo","São Paulo","Não encontrado","https://sagradamedicinal.org/",NA,NA,NA,NA,NA,NA,NA,NA,NA,NA,NA,NA,NA
"258",NA,"SEIVATIVA ASSOCIACAO TERAPEUTICA DE ACOLHIMENTO E CANNABIS MEDICINAL","Seivativa","São Paulo","São Paulo","https://www.instagram.com/seivativa","https://seivativa.com.br/",NA,NA,NA,NA,NA,NA,NA,NA,NA,NA,NA,NA,NA
"259",NA,"Associação Cannábica e Terapêutica Cuesta Sativa","Cuesta Sativa","São Paulo","Botucatu","https://www.instagram.com/cuestasativa/?hl=pt","Não encontrado",NA,NA,NA,NA,NA,NA,NA,NA,NA,NA,NA,NA,NA
"260",NA,"THSer - Associação de Cannabis Medicinal","THSer","São Paulo","São Paulo","https://www.instagram.com/thser.associacao/","https://www.thser.org/",NA,NA,NA,NA,NA,NA,NA,NA,NA,NA,NA,NA,NA
"261",NA,"Instituto Da Cannabis De Pesquisa Ciências E Tecnologia","Instituto Mães da Cannabis","São Paulo","São Paulo","https://www.instagram.com/maesdacannabis/?hl=pt","https://maesdacannabis.com.br/?utm_source=ig&utm_medium=social&utm_content=link_in_bio&fbclid=PAZXh0bgNhZW0CMTEAc3J0YwZhcHBfaWQMMjU2MjgxMDQwNTU4AAGnKsFY-5D6IDA0LlEx04lZf6CrPFvFAIDoCtUXGa5YF106G-e1e96SBroTXvY_aem_2B5pKzB3sjsP0P3wV74g4A",NA,NA,NA,NA,NA,NA,NA,NA,NA,NA,NA,NA,NA
"262",NA,"Associação Brasileira de Pesquisadores e Pacientes de Cannabis","ABRAPPAC","São Paulo","Ilha Solteira","https://www.instagram.com/abrappac/","https://abrappac.com.br/?utm_source=ig&utm_medium=social&utm_content=link_in_bio&fbclid=PAZXh0bgNhZW0CMTEAc3J0YwZhcHBfaWQMMjU2MjgxMDQwNTU4AAGn93z9Ppa0oI4OYuloiuq-gzdwtp_UzLHI7azpwhTc2B7aE8FiBCoMhcic2W0_aem_o-4UGUag68pkQXf17yBFNw",NA,NA,NA,NA,NA,NA,NA,NA,NA,NA,NA,NA,NA
"263",NA,"Associação Inclusão, Diversidade e Cannabis para Animais","ÍNDICA","São Paulo","Atibaia","https://www.instagram.com/inclusao.diversidade.cannabis/","https://associacaoindica.org.br/index.html",NA,NA,NA,NA,NA,NA,NA,NA,NA,NA,NA,NA,NA
"264",NA,"Associação Brasileira de Pacientes de Cannabis Medicinal","ACMJ","São Paulo","Jundiaí","https://www.instagram.com/acmjundiai/","https://acmj.ong/",NA,NA,NA,NA,NA,NA,NA,NA,NA,NA,NA,NA,NA
"265",NA,"ASSOCIACAO TERAPEUTICA VIVER ITALO PARA CANNABIS MEDICINAL, CANHAMO, FARMACIA VIVA E PICS","Intituto Viver Ítalo","São Paulo","Mogi das Cruzes","https://www.instagram.com/institutoviveritalo/","https://institutoviveritalo.lojavirtualnuvem.com.br/",NA,NA,NA,NA,NA,NA,NA,NA,NA,NA,NA,NA,NA
"266",NA,"apotecanna associacao de pacientes de cannabis medicinal",NA,"São Paulo","Campinas","https://www.instagram.com/apotecanna.br/","https://apotecanna.org.br/",NA,NA,NA,NA,NA,NA,NA,NA,NA,NA,NA,NA,NA
"267",NA,"Associação Cannábica de Saúde, Cultura, Religião e Indústria - Cultivo Urbano","Cultivo Urbano","São Paulo","São Paulo","https://www.instagram.com/cultivourbanobr/","Não encontrado",NA,NA,NA,NA,NA,NA,NA,NA,NA,NA,NA,NA,NA
"268",NA,"Associação Floresça de Apoio Terapêutico a Pacientes de Cannabis Medicinal","Associação Floresça","São Paulo","Ribeirão Preto","https://www.instagram.com/floresca_rp/","Não encontrado",NA,NA,NA,NA,NA,NA,NA,NA,NA,NA,NA,NA,NA
"269",NA,"Associação Paulista de Cannabis Medicinal Raízes","Associação Raízes","São Paulo","Campinas","https://www.instagram.com/associacao.raizes/","Não encontrado",NA,NA,NA,NA,NA,NA,NA,NA,NA,NA,NA,NA,NA
"270",NA,"Vitoria Cannabis","Vitoria Cannabis","São Paulo","Campinas","Não encontrado","Não encontrado",NA,NA,NA,NA,NA,NA,NA,NA,NA,NA,NA,NA,NA
"271",NA,"Associação Cannabis Medicinal Brasil","Associação Cannabis Medicinal Brasil","São Paulo","São Carlos","Não encontrado","Não encontrado",NA,NA,NA,NA,NA,NA,NA,NA,NA,NA,NA,NA,NA
"272",NA,"Associacao Cannabis Medicinal Gnjr","Associacao Cannabis Medicinal Gnjr","São Paulo","São Paulo","Não encontrado","Não encontrado",NA,NA,NA,NA,NA,NA,NA,NA,NA,NA,NA,NA,NA
"273",NA,"Associação Brasileira de Pacientes de Cannabis Medicinal","ABPCM","São Paulo","São Paulo","Não encontrado","https://www.abpcm.org.br/",NA,NA,NA,NA,NA,NA,NA,NA,NA,NA,NA,NA,NA
"274",NA,"Organização Cannabica Verdinho","VOC","São Paulo","Jundiaí","https://www.instagram.com/verdinhovoc/","https://www.verdinho.org/",NA,NA,NA,NA,NA,NA,NA,NA,NA,NA,NA,NA,NA
"275",NA,"Associação Sete Med Cannabis E Saúde","Associação Sete Med Cannabis E Saúde","São Paulo","Franca","Não encontrado","Não encontrado",NA,NA,NA,NA,NA,NA,NA,NA,NA,NA,NA,NA,NA
"276",NA,"Associação Brasileira de Orientação e Assistência Cannabis","Aboa Brasil","São Paulo","São Paulo","https://www.instagram.com/associacao.aboa/","https://associacaoaboa.com.br/",NA,NA,NA,NA,NA,NA,NA,NA,NA,NA,NA,NA,NA
"277",NA,"Associação Brasileira de Medicina Cannábica - Medcann Brasil","MEDCANN Brasil","São Paulo","Santo André","https://www.instagram.com/medcannbrasil/","https://www.medcann.org/in%C3%ADcio",NA,NA,NA,NA,NA,NA,NA,NA,NA,NA,NA,NA,NA
"278",NA,"associacao de pacientes de cannabis medicinal kaingang","associacao de pacientes de cannabis medicinal kaingang","São Paulo","Bauru","Não encontrado","Não encontrado",NA,NA,NA,NA,NA,NA,NA,NA,NA,NA,NA,NA,NA
"279",NA,"ASSOCIAÇÃO BRASILEIRA PARA INTERVENÇÃO MEDICINAL COM DERIVADOS DA CANNABIS PURA VIDA","Pura Vida","São Paulo","Presidente Prudente","https://www.instagram.com/associacao.puravida/","https://www.apuravida.org/",NA,NA,NA,NA,NA,NA,NA,NA,NA,NA,NA,NA,NA
